INSERT INTO "users" ("id", "email", "password_hash", "created_at", "last_active_at", "last_login_at") VALUES
('108dbac0-b941-4f3a-a453-7197fd1d7118', 'kermy.polamontayne@gmail.com', '$2a$10$7MmiipJ86AvacRuFucL6NOOiF.MDxijpS.fctXZmN06qrW8QGxGLK', '2024-03-13 08:47:49', '2024-09-27 20:37:45', '2024-10-16 00:05:22'),
('e19e7094-b371-46b4-ac19-6c2e25dec043', 'natty.bartolomeoni@hotmail.com', '$2a$10$7MmiipJ86AvacRuFucL6NOOiF.MDxijpS.fctXZmN06qrW8QGxGLK', '2024-03-13 08:57:21', '2024-08-29 13:35:55', '2024-05-19 21:15:24'),
('5d73238f-ae26-4ebd-899e-7d6000125dd9', 'merill.doonican@gmail.com', '$2a$10$7MmiipJ86AvacRuFucL6NOOiF.MDxijpS.fctXZmN06qrW8QGxGLK', '2024-03-13 08:58:47', '2025-02-18 22:21:41', '2025-01-11 15:37:50'),
('cc83af09-77c3-4886-8cd0-85106cc60e31', 'jaime.vaar@hotmail.com', '$2a$10$7MmiipJ86AvacRuFucL6NOOiF.MDxijpS.fctXZmN06qrW8QGxGLK', '2024-03-13 09:04:27', '2024-06-01 14:11:26', '2024-09-02 15:13:10'),
('0340e4b6-04d8-4bfe-af07-aa0d3601c81c', 'stella.muscroft@hotmail.com', '$2a$10$7MmiipJ86AvacRuFucL6NOOiF.MDxijpS.fctXZmN06qrW8QGxGLK', '2024-03-13 09:07:16', '2024-09-01 14:01:27', '2024-05-29 05:41:42'),
('9b7eedf7-6e85-4e06-b69c-ce708d977f41', 'gard.yarnall@live.com', '$2a$10$7MmiipJ86AvacRuFucL6NOOiF.MDxijpS.fctXZmN06qrW8QGxGLK', '2024-03-13 09:10:12', '2024-06-04 12:31:22', '2024-12-01 14:26:43'),
('2cb2d3c6-060c-4d6c-9590-d4b3f8ee0862', 'alameda.hinchcliffe@yahoo.com', '$2a$10$7MmiipJ86AvacRuFucL6NOOiF.MDxijpS.fctXZmN06qrW8QGxGLK', '2024-03-13 09:15:14', '2024-04-30 02:10:57', '2024-07-28 06:23:21'),
('1393eb56-8046-45b1-b9ce-86205e06f88f', 'peter.braban@yahoo.com', '$2a$10$7MmiipJ86AvacRuFucL6NOOiF.MDxijpS.fctXZmN06qrW8QGxGLK', '2024-03-13 09:22:08', '2024-08-26 03:40:15', '2024-05-22 02:29:31'),
('48929679-5e18-4d3b-8852-d7e0efc97a00', 'jeanine.hallgarth@gmail.com', '$2a$10$7MmiipJ86AvacRuFucL6NOOiF.MDxijpS.fctXZmN06qrW8QGxGLK', '2024-03-13 09:29:18', '2025-03-13 01:53:23', '2024-11-08 23:07:09'),
('d8d49a35-d71b-4002-87ed-b83d1818ac25', 'enoch.rihosek@terra.com.br', '$2a$10$7MmiipJ86AvacRuFucL6NOOiF.MDxijpS.fctXZmN06qrW8QGxGLK', '2024-03-13 09:37:48', '2024-09-02 04:45:47', '2024-10-20 01:03:44'),
('6da04fa2-47a9-4b0f-bf31-7f4fb56ec549', 'xymenes.mcgeneay@hotmail.com', '$2a$10$7MmiipJ86AvacRuFucL6NOOiF.MDxijpS.fctXZmN06qrW8QGxGLK', '2024-03-13 09:46:37', '2024-10-25 12:29:41', '2024-11-17 14:51:20'),
('0411f5cd-f915-4357-863e-a151ef97c5e3', 'corny.georgeou@verizon.net', '$2a$10$7MmiipJ86AvacRuFucL6NOOiF.MDxijpS.fctXZmN06qrW8QGxGLK', '2024-03-13 09:56:19', '2024-08-01 20:40:18', '2025-03-06 17:20:11'),
('246f03be-e582-4232-b39a-236e6c837df5', 'vidovic.hanvey@gmail.com', '$2a$10$7MmiipJ86AvacRuFucL6NOOiF.MDxijpS.fctXZmN06qrW8QGxGLK', '2024-03-13 10:00:51', '2024-04-30 06:33:44', '2024-05-22 05:33:00'),
('11d6d434-c993-451c-88f2-8632a8cdcb59', 'edyth.cromett@wanadoo.fr', '$2a$10$7MmiipJ86AvacRuFucL6NOOiF.MDxijpS.fctXZmN06qrW8QGxGLK', '2024-03-13 10:08:00', '2025-02-15 08:06:47', '2024-07-09 11:48:39'),
('ea52f98f-467e-446d-8eaf-d5250bd41a28', 'arnie.cato@gmail.com', '$2a$10$7MmiipJ86AvacRuFucL6NOOiF.MDxijpS.fctXZmN06qrW8QGxGLK', '2024-03-13 10:12:57', '2024-06-21 13:20:26', '2025-01-03 00:30:14'),
('98a7a3cd-68eb-4184-aee1-7f455efb46f4', 'hamid.flowerden@hotmail.com', '$2a$10$7MmiipJ86AvacRuFucL6NOOiF.MDxijpS.fctXZmN06qrW8QGxGLK', '2024-03-13 10:19:38', '2024-12-13 14:08:37', '2024-05-04 14:05:28'),
('6cb4146f-aba7-4ebb-8635-5dc0a09907c5', 'sherwin.shearmer@gmail.com', '$2a$10$7MmiipJ86AvacRuFucL6NOOiF.MDxijpS.fctXZmN06qrW8QGxGLK', '2024-03-13 10:28:46', '2024-10-14 17:25:48', '2025-02-26 21:17:24'),
('81765334-c440-41db-bdf2-ad199693b708', 'dougie.treneman@yahoo.com', '$2a$10$7MmiipJ86AvacRuFucL6NOOiF.MDxijpS.fctXZmN06qrW8QGxGLK', '2024-03-13 10:30:51', '2024-06-26 06:12:10', '2024-07-28 07:21:57'),
('30d4c6b0-38a1-45fe-9dd7-97959f4ab0b5', 'blakeley.coucha@hotmail.fr', '$2a$10$7MmiipJ86AvacRuFucL6NOOiF.MDxijpS.fctXZmN06qrW8QGxGLK', '2024-03-13 10:35:10', '2024-12-21 13:29:37', '2024-07-13 16:57:52'),
('c1f619a3-29e1-40d3-9775-4a4856b0b7c4', 'albie.deluce@gmail.com', '$2a$10$7MmiipJ86AvacRuFucL6NOOiF.MDxijpS.fctXZmN06qrW8QGxGLK', '2024-03-13 10:37:24', '2024-05-26 03:57:47', '2025-01-08 02:03:06'),
('c86a838a-1389-4c1c-8501-0def8ce365b2', 'shauna.meffin@hotmail.co.uk', '$2a$10$7MmiipJ86AvacRuFucL6NOOiF.MDxijpS.fctXZmN06qrW8QGxGLK', '2024-03-13 10:39:04', '2025-03-04 12:35:26', '2024-10-30 13:49:38'),
('7637bd48-a8d7-4645-8360-31a9a5b7b467', 'nalani.webermann@yahoo.com', '$2a$10$7MmiipJ86AvacRuFucL6NOOiF.MDxijpS.fctXZmN06qrW8QGxGLK', '2024-03-13 10:42:37', '2024-10-31 05:24:15', '2024-06-21 00:59:42'),
('318dff5d-e56f-47a6-ba9d-fb17487b096d', 'obed.scibsey@hotmail.com', '$2a$10$7MmiipJ86AvacRuFucL6NOOiF.MDxijpS.fctXZmN06qrW8QGxGLK', '2024-03-13 10:45:43', '2024-04-09 01:14:37', '2024-08-04 19:32:13'),
('939fab69-1b4b-4d03-b813-597d0324586d', 'modesta.rigbye@yahoo.com', '$2a$10$7MmiipJ86AvacRuFucL6NOOiF.MDxijpS.fctXZmN06qrW8QGxGLK', '2024-03-13 10:47:01', '2024-11-21 22:26:54', '2025-01-06 04:46:47'),
('ac442b90-202c-4b0b-bac9-1b9c87e8a92d', 'van.hegge@gmail.com', '$2a$10$7MmiipJ86AvacRuFucL6NOOiF.MDxijpS.fctXZmN06qrW8QGxGLK', '2024-03-13 10:49:04', '2024-12-22 14:24:01', '2024-04-09 22:05:59'),
('8361a2bd-dd64-4c81-af44-aee57fd915c4', 'doti.gleadle@yahoo.com', '$2a$10$7MmiipJ86AvacRuFucL6NOOiF.MDxijpS.fctXZmN06qrW8QGxGLK', '2024-03-13 10:55:14', '2024-11-27 21:51:51', '2024-07-27 16:17:51'),
('e6a9632e-c58f-4ff2-a658-92171d19b5a4', 'antonie.schulken@yahoo.com', '$2a$10$7MmiipJ86AvacRuFucL6NOOiF.MDxijpS.fctXZmN06qrW8QGxGLK', '2024-03-13 11:02:27', '2024-08-05 12:49:19', '2024-11-06 08:27:36'),
('3b7346dd-ddc5-418d-8d59-b69724b9ed75', 'aylmer.lawrance@yahoo.com', '$2a$10$7MmiipJ86AvacRuFucL6NOOiF.MDxijpS.fctXZmN06qrW8QGxGLK', '2024-03-13 11:09:39', '2024-09-28 03:46:34', '2024-10-16 14:44:32'),
('8e18e9f2-033e-418a-b3ac-76fb8fe71e81', 'nahum.culligan@gmail.com', '$2a$10$7MmiipJ86AvacRuFucL6NOOiF.MDxijpS.fctXZmN06qrW8QGxGLK', '2024-03-13 11:12:01', '2024-03-31 06:32:46', '2024-07-04 03:02:41'),
('7044b005-1d5c-4cb6-b2a3-2ed553cc5c5b', 'cass.dinse@msn.com', '$2a$10$7MmiipJ86AvacRuFucL6NOOiF.MDxijpS.fctXZmN06qrW8QGxGLK', '2024-03-13 11:18:31', '2024-04-11 03:56:52', '2024-12-05 00:08:46'),
('9d7889ef-daa4-4ca7-9681-d08b0f489b9e', 'olenka.beadon@uol.com.br', '$2a$10$7MmiipJ86AvacRuFucL6NOOiF.MDxijpS.fctXZmN06qrW8QGxGLK', '2024-03-13 11:23:59', '2024-06-21 18:03:11', '2024-08-17 05:19:11'),
('04dfb584-8766-4d4b-952c-abf06a7d5563', 'loy.barajaz@hotmail.co.uk', '$2a$10$7MmiipJ86AvacRuFucL6NOOiF.MDxijpS.fctXZmN06qrW8QGxGLK', '2024-03-13 11:25:41', '2024-06-08 17:10:11', '2024-12-08 07:57:53'),
('59462e38-6daf-4527-8148-a9124d7d3f82', 'gifford.mckeon@gmail.com', '$2a$10$7MmiipJ86AvacRuFucL6NOOiF.MDxijpS.fctXZmN06qrW8QGxGLK', '2024-03-13 11:30:53', '2025-02-12 16:13:31', '2024-12-04 18:33:57'),
('4dc21152-8a0d-4647-b4df-10f541b1cfc1', 'nert.costy@gmail.com', '$2a$10$7MmiipJ86AvacRuFucL6NOOiF.MDxijpS.fctXZmN06qrW8QGxGLK', '2024-03-13 11:36:41', '2024-05-15 04:15:52', '2025-02-03 07:12:13'),
('efde1921-9378-45d1-a103-1827c263322e', 'jake.clipsham@gmail.com', '$2a$10$7MmiipJ86AvacRuFucL6NOOiF.MDxijpS.fctXZmN06qrW8QGxGLK', '2024-03-13 11:42:58', '2024-08-09 20:18:40', '2024-09-20 12:15:58'),
('741044d1-6340-4a81-8075-cf28557200c1', 'renato.whyman@yahoo.com', '$2a$10$7MmiipJ86AvacRuFucL6NOOiF.MDxijpS.fctXZmN06qrW8QGxGLK', '2024-03-13 11:44:34', '2024-10-05 13:29:22', '2024-09-04 03:53:57'),
('4a2cb1b3-f337-474a-848b-6aff011b9552', 'toddy.alltimes@gmail.com', '$2a$10$7MmiipJ86AvacRuFucL6NOOiF.MDxijpS.fctXZmN06qrW8QGxGLK', '2024-03-13 11:48:28', '2024-11-20 21:24:21', '2025-02-13 23:01:46'),
('b16f81d7-eb0b-41cd-a0c2-cdd4d40ecfa1', 'christean.glennie@yandex.ru', '$2a$10$7MmiipJ86AvacRuFucL6NOOiF.MDxijpS.fctXZmN06qrW8QGxGLK', '2024-03-13 11:53:36', '2024-07-18 20:17:09', '2024-04-24 07:45:46'),
('05fcc62b-cee1-43dd-89d0-55a65137b96c', 'steward.paolinelli@yandex.ru', '$2a$10$7MmiipJ86AvacRuFucL6NOOiF.MDxijpS.fctXZmN06qrW8QGxGLK', '2024-03-13 12:03:26', '2024-06-20 19:25:09', '2025-02-24 19:08:08'),
('8a9409b9-ebed-4afb-8da4-faf47c14ceee', 'beth.mainland@rediffmail.com', '$2a$10$7MmiipJ86AvacRuFucL6NOOiF.MDxijpS.fctXZmN06qrW8QGxGLK', '2024-03-13 12:12:22', '2024-08-01 04:31:13', '2024-04-03 13:46:52'),
('42242e37-f3e9-4e63-80ea-bbbe9b791415', 'brigid.meeus@hotmail.com', '$2a$10$7MmiipJ86AvacRuFucL6NOOiF.MDxijpS.fctXZmN06qrW8QGxGLK', '2024-03-13 12:17:35', '2024-06-18 07:22:51', '2025-02-02 17:32:57'),
('5133d2d5-2b1d-49a4-a861-dffd4c19ccbd', 'borg.head@gmail.com', '$2a$10$7MmiipJ86AvacRuFucL6NOOiF.MDxijpS.fctXZmN06qrW8QGxGLK', '2024-03-13 12:24:29', '2024-08-11 22:42:37', '2025-01-16 20:29:46'),
('f2a18bd9-52af-4c1d-b16a-83ca88f7001c', 'blisse.lundbeck@live.com', '$2a$10$7MmiipJ86AvacRuFucL6NOOiF.MDxijpS.fctXZmN06qrW8QGxGLK', '2024-03-13 12:29:02', '2025-01-21 22:37:54', '2024-05-19 16:50:53'),
('215541ff-aab7-4a93-855d-916e47baa317', 'joanne.murford@hotmail.com', '$2a$10$7MmiipJ86AvacRuFucL6NOOiF.MDxijpS.fctXZmN06qrW8QGxGLK', '2024-03-13 12:36:41', '2024-10-04 08:29:35', '2024-09-19 16:44:33'),
('3bbaaea7-c24c-4676-ba3e-bd7debbfd8e5', 'kelby.edgcumbe@hotmail.com', '$2a$10$7MmiipJ86AvacRuFucL6NOOiF.MDxijpS.fctXZmN06qrW8QGxGLK', '2024-03-13 12:42:54', '2024-03-22 15:33:46', '2024-09-24 21:54:04'),
('7dedb21a-5f79-45a8-acdd-c658e4d4c570', 'gillan.bateman@hotmail.com', '$2a$10$7MmiipJ86AvacRuFucL6NOOiF.MDxijpS.fctXZmN06qrW8QGxGLK', '2024-03-13 12:47:04', '2024-05-11 09:34:05', '2024-06-18 16:35:55'),
('5ab6589a-862f-48cf-ab92-bb8ff8c1fd50', 'dulcine.hoopper@hotmail.com', '$2a$10$7MmiipJ86AvacRuFucL6NOOiF.MDxijpS.fctXZmN06qrW8QGxGLK', '2024-03-13 12:53:02', '2025-02-14 03:10:22', '2025-01-17 00:48:22'),
('95426400-fcaf-4434-b633-bda5fd98c1e6', 'orville.mawd@aol.com', '$2a$10$7MmiipJ86AvacRuFucL6NOOiF.MDxijpS.fctXZmN06qrW8QGxGLK', '2024-03-13 13:01:27', '2024-07-05 19:45:27', '2024-10-09 18:58:26'),
('70e59364-5131-4243-9925-7ee88a864fde', 'arabela.siely@hotmail.com', '$2a$10$7MmiipJ86AvacRuFucL6NOOiF.MDxijpS.fctXZmN06qrW8QGxGLK', '2024-03-13 13:07:45', '2025-03-01 08:28:37', '2024-09-23 22:17:50'),
('925b879a-3017-4798-99ca-d8c154f0dd65', 'mahmud.larwood@yahoo.com', '$2a$10$7MmiipJ86AvacRuFucL6NOOiF.MDxijpS.fctXZmN06qrW8QGxGLK', '2024-03-13 13:13:32', '2024-07-13 23:34:25', '2024-04-19 07:56:25'),
('11dccaa4-d07a-40f9-a10d-d70c820c201f', 'stace.bothwell@charter.net', '$2a$10$7MmiipJ86AvacRuFucL6NOOiF.MDxijpS.fctXZmN06qrW8QGxGLK', '2024-03-13 13:20:57', '2025-01-01 13:22:22', '2024-10-18 20:33:05'),
('e9cde746-3092-4eb3-9148-02df6eb6baa7', 'lissy.ugo@gmail.com', '$2a$10$7MmiipJ86AvacRuFucL6NOOiF.MDxijpS.fctXZmN06qrW8QGxGLK', '2024-03-13 13:29:45', '2024-07-17 07:49:51', '2024-12-01 15:51:29'),
('d707174b-2ce4-4aa7-a3c7-7a8bfe32ba3b', 'perl.hellmer@comcast.net', '$2a$10$7MmiipJ86AvacRuFucL6NOOiF.MDxijpS.fctXZmN06qrW8QGxGLK', '2024-03-13 13:32:32', '2025-03-14 20:37:38', '2024-03-21 10:11:58'),
('a1b841f4-b373-4d17-b314-e50e6c10dc3d', 'ophelie.abbado@live.com', '$2a$10$7MmiipJ86AvacRuFucL6NOOiF.MDxijpS.fctXZmN06qrW8QGxGLK', '2024-03-13 13:40:42', '2024-05-12 19:59:01', '2024-09-14 07:12:01'),
('3946dd85-a148-4fdd-99d0-aa1f0ec48336', 'dyana.ashford@yahoo.com', '$2a$10$7MmiipJ86AvacRuFucL6NOOiF.MDxijpS.fctXZmN06qrW8QGxGLK', '2024-03-13 13:43:41', '2024-07-21 08:13:27', '2025-03-07 11:57:32'),
('f7ad12ee-5e38-41c3-9b5a-edc8eec8af87', 'selena.tremaine@gmail.com', '$2a$10$7MmiipJ86AvacRuFucL6NOOiF.MDxijpS.fctXZmN06qrW8QGxGLK', '2024-03-13 13:51:50', '2024-07-21 10:34:26', '2024-04-05 16:28:52'),
('5cbcf898-7fc4-400c-acf9-ac2335de6f15', 'yancey.tuberfield@gmail.com', '$2a$10$7MmiipJ86AvacRuFucL6NOOiF.MDxijpS.fctXZmN06qrW8QGxGLK', '2024-03-13 13:59:15', '2024-12-20 21:22:55', '2024-09-23 17:09:12'),
('07855edb-c80a-461f-9e9d-ac29ccfdfe55', 'barbee.broseke@yahoo.com', '$2a$10$7MmiipJ86AvacRuFucL6NOOiF.MDxijpS.fctXZmN06qrW8QGxGLK', '2024-03-13 14:05:46', '2024-12-12 06:12:09', '2024-07-04 02:50:52'),
('5bd1491a-78c9-4107-952e-2607d8493953', 'chanda.downey@mail.ru', '$2a$10$7MmiipJ86AvacRuFucL6NOOiF.MDxijpS.fctXZmN06qrW8QGxGLK', '2024-03-13 14:14:30', '2024-03-23 13:00:54', '2024-07-12 01:43:19'),
('ae902b47-7220-491b-8edd-61bc1f1079be', 'phil.walwood@hotmail.com', '$2a$10$7MmiipJ86AvacRuFucL6NOOiF.MDxijpS.fctXZmN06qrW8QGxGLK', '2024-03-13 14:18:59', '2024-07-07 08:12:53', '2025-02-28 13:18:03'),
('34c40cbf-130e-45fd-8241-14e3992a667d', 'betteann.satford@gmail.com', '$2a$10$7MmiipJ86AvacRuFucL6NOOiF.MDxijpS.fctXZmN06qrW8QGxGLK', '2024-03-13 14:27:53', '2024-03-25 03:40:19', '2024-10-13 00:16:15'),
('c9145413-755d-4360-a659-a5e2174511bf', 'lorin.harcase@hotmail.com', '$2a$10$7MmiipJ86AvacRuFucL6NOOiF.MDxijpS.fctXZmN06qrW8QGxGLK', '2024-03-13 14:31:16', '2024-05-10 21:22:02', '2024-11-22 14:21:48'),
('bca51c50-b98b-4ca7-997f-ea8efb771325', 'pavlov.grishechkin@gmail.com', '$2a$10$7MmiipJ86AvacRuFucL6NOOiF.MDxijpS.fctXZmN06qrW8QGxGLK', '2024-03-13 14:33:28', '2024-08-15 00:56:26', '2024-10-22 19:31:51'),
('baadea1f-c9cd-4089-b273-ee747ec16465', 'alexandros.gammet@gmail.com', '$2a$10$7MmiipJ86AvacRuFucL6NOOiF.MDxijpS.fctXZmN06qrW8QGxGLK', '2024-03-13 14:38:36', '2024-08-05 04:01:33', '2024-12-12 14:56:34'),
('c4704732-9558-479a-8bee-8d95d21f1dec', 'glynis.stride@gmail.com', '$2a$10$7MmiipJ86AvacRuFucL6NOOiF.MDxijpS.fctXZmN06qrW8QGxGLK', '2024-03-13 14:45:31', '2024-06-19 16:18:47', '2025-01-05 06:23:28'),
('5212bc35-7a18-4cbd-826c-fd8bc7fb4bc1', 'shelley.masson@yahoo.com', '$2a$10$7MmiipJ86AvacRuFucL6NOOiF.MDxijpS.fctXZmN06qrW8QGxGLK', '2024-03-13 14:50:42', '2024-03-15 13:05:56', '2024-03-17 07:28:35'),
('c1a56ccf-3bbf-4e97-ad55-f61d5a98a850', 'lexine.sugarman@yahoo.com', '$2a$10$7MmiipJ86AvacRuFucL6NOOiF.MDxijpS.fctXZmN06qrW8QGxGLK', '2024-03-13 14:56:29', '2024-11-02 07:17:20', '2025-03-02 23:25:17'),
('701b33a1-384b-42ad-8baa-9a184fa923d0', 'jakob.whifen@gmail.com', '$2a$10$7MmiipJ86AvacRuFucL6NOOiF.MDxijpS.fctXZmN06qrW8QGxGLK', '2024-03-13 15:00:07', '2024-06-02 19:54:26', '2025-02-06 12:00:50'),
('bf4380d4-4b38-4d7a-9b66-51e90c5a7d83', 'sean.bagger@gmail.com', '$2a$10$7MmiipJ86AvacRuFucL6NOOiF.MDxijpS.fctXZmN06qrW8QGxGLK', '2024-03-13 15:10:05', '2024-09-05 22:28:07', '2025-01-14 08:50:42'),
('541ba33a-f0fb-43ae-a75d-ce4c9f29ffe6', 'cyrillus.kas@yahoo.com', '$2a$10$7MmiipJ86AvacRuFucL6NOOiF.MDxijpS.fctXZmN06qrW8QGxGLK', '2024-03-13 15:12:39', '2024-10-05 12:24:07', '2024-12-03 10:49:47'),
('910e52c6-92a2-418a-b31b-6deac247a41b', 'beitris.pendrigh@verizon.net', '$2a$10$7MmiipJ86AvacRuFucL6NOOiF.MDxijpS.fctXZmN06qrW8QGxGLK', '2024-03-13 15:18:13', '2024-08-03 16:59:40', '2024-07-19 07:31:31'),
('3d1b9fa1-b01f-47a4-9a61-211d0a71ff89', 'fonzie.bomfield@hotmail.com', '$2a$10$7MmiipJ86AvacRuFucL6NOOiF.MDxijpS.fctXZmN06qrW8QGxGLK', '2024-03-13 15:19:19', '2024-06-25 16:47:42', '2024-04-06 05:30:22'),
('84c2ba7a-2e09-4335-8ff8-bb520cc3260c', 'emmie.arndell@hotmail.com', '$2a$10$7MmiipJ86AvacRuFucL6NOOiF.MDxijpS.fctXZmN06qrW8QGxGLK', '2024-03-13 15:23:37', '2024-07-07 20:31:45', '2024-10-09 21:08:08'),
('f4d25738-0540-4144-afea-642ad823c9d3', 'brynn.tawton@yahoo.com', '$2a$10$7MmiipJ86AvacRuFucL6NOOiF.MDxijpS.fctXZmN06qrW8QGxGLK', '2024-03-13 15:29:29', '2024-09-27 13:56:10', '2024-03-24 17:17:49'),
('bbbc3078-f882-4b94-b904-f502ec2bbb73', 'jeffrey.bonavia@gmail.com', '$2a$10$7MmiipJ86AvacRuFucL6NOOiF.MDxijpS.fctXZmN06qrW8QGxGLK', '2024-03-13 15:34:26', '2024-04-24 06:18:52', '2024-05-03 23:10:08'),
('959895ab-5188-4119-8ee7-8f5338860e8d', 'weber.ajam@tiscali.it', '$2a$10$7MmiipJ86AvacRuFucL6NOOiF.MDxijpS.fctXZmN06qrW8QGxGLK', '2024-03-13 15:39:41', '2025-01-02 17:42:37', '2024-07-21 21:44:39'),
('5b57e30b-f221-43de-8b33-16b596526bd5', 'gregory.willets@yahoo.com', '$2a$10$7MmiipJ86AvacRuFucL6NOOiF.MDxijpS.fctXZmN06qrW8QGxGLK', '2024-03-13 15:48:22', '2024-08-29 03:40:33', '2025-02-17 22:15:00'),
('c81338cf-59c0-43b3-bb2b-6ab567c5b66c', 'ralina.jado@yahoo.com', '$2a$10$7MmiipJ86AvacRuFucL6NOOiF.MDxijpS.fctXZmN06qrW8QGxGLK', '2024-03-13 15:52:16', '2024-03-28 19:09:53', '2024-08-23 02:24:02'),
('36ccb427-c634-41f9-8445-6799ec622459', 'alexandre.blanckley@hotmail.com', '$2a$10$7MmiipJ86AvacRuFucL6NOOiF.MDxijpS.fctXZmN06qrW8QGxGLK', '2024-03-13 15:54:36', '2024-05-13 13:37:45', '2024-09-24 22:14:48'),
('b62e8e72-eb5f-46ba-ba6f-731b572f2f05', 'georas.hiom@gmail.com', '$2a$10$7MmiipJ86AvacRuFucL6NOOiF.MDxijpS.fctXZmN06qrW8QGxGLK', '2024-03-13 16:01:47', '2024-10-18 04:55:39', '2025-01-27 01:54:54'),
('20f97fea-fdf2-455a-9304-0a8972645812', 'robin.cardenas@freenet.de', '$2a$10$7MmiipJ86AvacRuFucL6NOOiF.MDxijpS.fctXZmN06qrW8QGxGLK', '2024-03-13 16:08:59', '2024-12-08 12:49:11', '2024-11-17 11:48:35'),
('2a0bebde-b648-411d-a02c-0abdd607bc34', 'kendricks.sebyer@yahoo.com', '$2a$10$7MmiipJ86AvacRuFucL6NOOiF.MDxijpS.fctXZmN06qrW8QGxGLK', '2024-03-13 16:18:53', '2024-11-28 12:53:58', '2024-12-08 04:36:26'),
('1790ad10-6ba7-496d-9857-d5a9e66ebfef', 'cicely.berrow@hotmail.com', '$2a$10$7MmiipJ86AvacRuFucL6NOOiF.MDxijpS.fctXZmN06qrW8QGxGLK', '2024-03-13 16:21:16', '2024-09-28 09:42:45', '2024-11-06 19:42:28'),
('c5354522-2260-4bd9-b5e6-476d7aacc022', 'zaria.lace@ntlworld.com', '$2a$10$7MmiipJ86AvacRuFucL6NOOiF.MDxijpS.fctXZmN06qrW8QGxGLK', '2024-03-13 16:29:36', '2025-01-28 22:08:51', '2024-03-22 08:40:40'),
('d778d648-0210-40d3-8a2d-65dd5e3e93f6', 'indira.rubega@yahoo.com.au', '$2a$10$7MmiipJ86AvacRuFucL6NOOiF.MDxijpS.fctXZmN06qrW8QGxGLK', '2024-03-13 16:38:17', '2024-07-09 19:02:10', '2025-03-12 09:12:00'),
('430d164f-7ac4-4a4d-a39c-b863951f4e1b', 'marinna.klaassens@yahoo.com', '$2a$10$7MmiipJ86AvacRuFucL6NOOiF.MDxijpS.fctXZmN06qrW8QGxGLK', '2024-03-13 16:47:23', '2024-08-31 16:23:14', '2024-03-24 23:34:57'),
('31957eb8-9da1-49e6-9b81-9c0ff4019aeb', 'royal.reicherz@hotmail.com', '$2a$10$7MmiipJ86AvacRuFucL6NOOiF.MDxijpS.fctXZmN06qrW8QGxGLK', '2024-03-13 16:54:05', '2024-07-24 12:39:16', '2025-03-07 03:57:54'),
('cc41f3de-d3e5-4251-bbc3-9cffaad93b42', 'cherianne.gavaran@hotmail.fr', '$2a$10$7MmiipJ86AvacRuFucL6NOOiF.MDxijpS.fctXZmN06qrW8QGxGLK', '2024-03-13 17:03:44', '2024-05-05 18:48:18', '2024-09-13 17:52:08'),
('b7df115e-b23c-41b9-8883-fa989b2bcca3', 'astrix.murphey@yahoo.com', '$2a$10$7MmiipJ86AvacRuFucL6NOOiF.MDxijpS.fctXZmN06qrW8QGxGLK', '2024-03-13 17:11:59', '2024-04-02 12:20:35', '2024-10-16 03:06:07'),
('3ad3d033-0bd4-4c1a-82fd-cd43a1a6f4fb', 'roana.beckham@orange.fr', '$2a$10$7MmiipJ86AvacRuFucL6NOOiF.MDxijpS.fctXZmN06qrW8QGxGLK', '2024-03-13 17:15:55', '2024-06-23 08:19:47', '2024-09-26 12:16:59'),
('187a3fef-9c6a-4dd1-9548-bb5aced7e988', 'andreana.vardy@yahoo.com.br', '$2a$10$7MmiipJ86AvacRuFucL6NOOiF.MDxijpS.fctXZmN06qrW8QGxGLK', '2024-03-13 17:21:57', '2024-12-23 13:29:18', '2024-12-02 02:57:49'),
('3fc0930b-5c34-4451-a46a-a4e9ddbd433c', 'rania.ochterlonie@gmail.com', '$2a$10$7MmiipJ86AvacRuFucL6NOOiF.MDxijpS.fctXZmN06qrW8QGxGLK', '2024-03-13 17:28:57', '2024-10-19 21:47:41', '2024-09-09 22:53:51'),
('da102359-ab86-4380-975d-709b2e1ddde8', 'eudora.moubray@yahoo.com', '$2a$10$7MmiipJ86AvacRuFucL6NOOiF.MDxijpS.fctXZmN06qrW8QGxGLK', '2024-03-13 17:35:58', '2024-11-29 05:03:05', '2025-01-26 05:45:03'),
('b0e5b7ed-36fb-4131-9b48-c503cf9a9442', 'boothe.dewhirst@yahoo.com.br', '$2a$10$7MmiipJ86AvacRuFucL6NOOiF.MDxijpS.fctXZmN06qrW8QGxGLK', '2024-03-13 17:44:22', '2024-04-21 08:22:40', '2024-08-18 21:32:21'),
('1ec54f1c-07c0-45a2-aed7-197acc0cd383', 'rosalie.shottin@gmail.com', '$2a$10$7MmiipJ86AvacRuFucL6NOOiF.MDxijpS.fctXZmN06qrW8QGxGLK', '2024-03-13 17:45:31', '2024-08-31 00:26:44', '2025-01-27 08:08:30'),
('7d7d5931-57a0-4379-b1dc-6e648515ed33', 'helenka.crampsey@hotmail.com', '$2a$10$7MmiipJ86AvacRuFucL6NOOiF.MDxijpS.fctXZmN06qrW8QGxGLK', '2024-03-13 17:49:01', '2024-12-02 20:47:45', '2025-02-01 19:12:11'),
('b4e4e002-0a4b-4d51-8368-cd415d4c2102', 'eb.kabos@hotmail.com', '$2a$10$7MmiipJ86AvacRuFucL6NOOiF.MDxijpS.fctXZmN06qrW8QGxGLK', '2024-03-13 17:52:00', '2024-09-27 10:03:47', '2024-08-02 16:28:50'),
('b666b98d-edcd-4f69-9a16-caa6593fc911', 'andrej.mithun@hotmail.com', '$2a$10$7MmiipJ86AvacRuFucL6NOOiF.MDxijpS.fctXZmN06qrW8QGxGLK', '2024-03-13 17:58:59', '2024-12-19 16:04:00', '2024-06-30 15:07:57'),
('fb4e85a7-56f8-4cff-81c6-40b1bf9903ed', 'wilhelmina.elsay@aol.com', '$2a$10$7MmiipJ86AvacRuFucL6NOOiF.MDxijpS.fctXZmN06qrW8QGxGLK', '2024-03-13 18:03:01', '2024-08-07 11:37:50', '2024-08-31 06:59:53'),
('96c8afa1-d811-48e7-bc6d-084ecf57fd2b', 'artemas.bedlington@comcast.net', '$2a$10$7MmiipJ86AvacRuFucL6NOOiF.MDxijpS.fctXZmN06qrW8QGxGLK', '2024-03-13 18:04:48', '2024-07-11 06:16:31', '2024-12-11 12:09:17');


INSERT INTO "profiles" ("id", "user_id", "first_name", "last_name", "gender", "age", "about_me", "interests", "profile_picture_url", "latitude", "longitude", "radius") VALUES
('b65f5b79-3377-4c13-9450-b0dea85226c8', '70e59364-5131-4243-9925-7ee88a864fde', 'Arman', 'Mullineux', 'male', '35', 'Fitness fanatic passionate about running, yoga, and healthy eating habits.', '{"Food": ["Healthy", "Spicy"], "Movies": ["Thriller", "Action"], "Hobbies": ["Sports"], "Sports": ["Running", "Yoga"], "Activities": ["Meditation & Wellness", "Personal"]}', NULL, '59.436962', '24.753574', '50'),
('f9dceabb-fe21-4f40-92b2-9350bd72b037', 'bf4380d4-4b38-4d7a-9b66-51e90c5a7d83', 'Pepito', 'Spier', 'female', '22', 'Adventurer and foodie, always exploring new cuisines and hiking trails.', '{"Food": ["Street Food", "Asian"], "Movies": ["Adventure", "Comedy"], "Hobbies": ["Traveling", "Photography"], "Sports": ["Hiking", "Surfing"], "Activities": ["Outdoor Exploration", "Traveling"]}', NULL, '58.377625', '26.729006', '50'),
('a59d988e-a79e-414b-9653-51523e418d9c', '81765334-c440-41db-bdf2-ad199693b708', 'Anya', 'Crimmins', 'male', '31', 'Creative soul fascinated by art, fashion, and tech innovations.', '{"Food": ["International", "Seafood"], "Movies": ["Animation", "Mystery & Crime"], "Hobbies": ["Art", "Fashion & Design"], "Sports": ["Dancing", "Rock Climbing"], "Activities": ["Entrepreneurship", "Socializing "]}', NULL, '59.417431', '27.28335', '50'),
('eb9dbe97-cc1d-421b-85f6-b4afdd150026', 'c1f619a3-29e1-40d3-9775-4a4856b0b7c4', 'Hannie', 'Copping', 'female', '44', 'Nature lover who enjoys skiing, cooking, and documentary films.', '{"Food": ["Seafood"], "Movies": ["Documentaries"], "Hobbies": ["Cooking"], "Sports": ["Skiing/Snowboarding"], "Activities": ["Outdoor Exploration"]}', NULL, '58.259627', '24.508445', '50'),
('30c3ae7b-9237-4888-aa06-ae741513a342', 'd8d49a35-d71b-4002-87ed-b83d1818ac25', 'Filberto', 'Sullivan', 'male', '24', 'Documentary buff with a love for gardening and sustainable living.', '{"Food": ["Asian", "Vegan/Vegetarian"], "Movies": ["Documentaries"], "Hobbies": ["Gardening & Sustainability"], "Sports": ["Swimming"], "Activities": ["History & Culture"]}', NULL, '58.883897', '25.540922', '50'),
('959deaf7-e637-4038-a7bd-3565738f7b7d', '3946dd85-a148-4fdd-99d0-aa1f0ec48336', 'Denis', 'McFfaden', 'female', '48', 'Outgoing socializer who enjoys street food, dancing, and tech innovation.', '{"Food": ["Street Food"], "Movies": ["Comedy"], "Hobbies": ["Dancing"], "Sports": ["Team Sports (Football, Basketball)"], "Activities": ["Socializing ", "Technology & Innovation"]}', NULL, '59.417431', '27.28335', '50'),
('c3710207-cfd4-48f0-a4e5-731c96ac1b73', 'd778d648-0210-40d3-8a2d-65dd5e3e93f6', 'Aurelea', 'Desporte', 'male', '35', 'Bookworm and music lover who enjoys cycling and volunteering.', '{"Food": ["Vegan/Vegetarian", "Desserts"], "Movies": ["Drama", "Romance"], "Hobbies": ["Reading", "Music"], "Sports": ["Cycling", "Yoga"], "Activities": ["Volunteering", "History & Culture"]}', NULL, '58.259627', '24.508445', '50'),
('7261f6da-9674-4b85-af23-9328d1b407a5', 'bbbc3078-f882-4b94-b904-f502ec2bbb73', 'Eliot', 'Maiklem', 'female', '32', 'Romantic heart with a passion for art, music, and exploring new cultures.', '{"Food": ["Italian"], "Movies": ["Romance", "Drama"], "Hobbies": ["Art", "Music"], "Sports": ["Swimming"], "Activities": ["History & Culture", "Traveling"]}', NULL, '58.883897', '25.540922', '50'),
('6267b6d4-eb47-4127-98d0-25e584103250', 'b4e4e002-0a4b-4d51-8368-cd415d4c2102', 'Tonye', 'Shellcross', 'male', '38', 'Tech enthusiast who loves cooking and playing team sports in free time.', '{"Food": ["Italian", "Healthy"], "Movies": ["Sci-Fi & Fantasy", "Documentaries"], "Hobbies": ["Tech & Gadgets", "Cooking"], "Sports": ["Team Sports (Football, Basketball)", "Running"], "Activities": ["Technology & Innovation", "Meditation & Wellness"]}', NULL, '59.436962', '24.753574', '50'),
('0186ecd0-9e73-4632-bf82-ce6c00bb3e17', '7d7d5931-57a0-4379-b1dc-6e648515ed33', 'Nathanial', 'Longbothom', 'female', '39', 'Mystery and crime movie lover who enjoys gaming and tech gadgets.', '{"Food": ["American"], "Movies": ["Mystery & Crime"], "Hobbies": ["Gaming", "Tech & Gadgets"], "Sports": ["Cycling"], "Activities": ["Personal"]}', NULL, '58.377625', '26.729006', '50'),
('cd8bc512-55cf-4aee-a6d2-38ee0615aede', 'c9145413-755d-4360-a659-a5e2174511bf', 'Adolf', 'Clewarth', 'male', '48', 'Romantic heart with a passion for art, music, and exploring new cultures.', '{"Food": ["Italian"], "Movies": ["Romance", "Drama"], "Hobbies": ["Art", "Music"], "Sports": ["Swimming"], "Activities": ["History & Culture", "Traveling"]}', NULL, '59.417431', '27.28335', '50'),
('62a9ef7b-1dc6-47dc-98c1-c8fce3b57c7e', '84c2ba7a-2e09-4335-8ff8-bb520cc3260c', 'Irwin', 'Alaway', 'female', '39', 'Tech enthusiast who loves cooking and playing team sports in free time.', '{"Food": ["Italian", "Healthy"], "Movies": ["Sci-Fi & Fantasy", "Documentaries"], "Hobbies": ["Tech & Gadgets", "Cooking"], "Sports": ["Team Sports (Football, Basketball)", "Running"], "Activities": ["Technology & Innovation", "Meditation & Wellness"]}', NULL, '58.883897', '25.540922', '50'),
('bcc2bb55-ed55-40fd-9921-9a21055c1f28', '98a7a3cd-68eb-4184-aee1-7f455efb46f4', 'Uta', 'Seaking', 'male', '25', 'Fitness fanatic passionate about running, yoga, and healthy eating habits.', '{"Food": ["Healthy", "Spicy"], "Movies": ["Thriller", "Action"], "Hobbies": ["Sports"], "Sports": ["Running", "Yoga"], "Activities": ["Meditation & Wellness", "Personal"]}', NULL, '59.436962', '24.753574', '50'),
('f8de0e6c-3fe6-4648-8ed6-70d30ea09c71', '5133d2d5-2b1d-49a4-a861-dffd4c19ccbd', 'Cacilie', 'Guillon', 'female', '21', 'Nature lover who enjoys skiing, cooking, and documentary films.', '{"Food": ["Seafood"], "Movies": ["Documentaries"], "Hobbies": ["Cooking"], "Sports": ["Skiing/Snowboarding"], "Activities": ["Outdoor Exploration"]}', NULL, '58.259627', '24.508445', '50'),
('8d24f5f9-433d-46f9-8eb4-d0bd3db87026', '6cb4146f-aba7-4ebb-8635-5dc0a09907c5', 'Isak', 'Dukes', 'female', '38', 'Mystery and crime movie lover who enjoys gaming and tech gadgets.', '{"Food": ["American"], "Movies": ["Mystery & Crime"], "Hobbies": ["Gaming", "Tech & Gadgets"], "Sports": ["Cycling"], "Activities": ["Personal"]}', NULL, '58.377625', '26.729006', '50'),
('8011ea5f-3920-49e7-963a-1494b5df1f1a', '701b33a1-384b-42ad-8baa-9a184fa923d0', 'Rosemonde', 'Dade', 'male', '31', 'Adventurer and foodie, always exploring new cuisines and hiking trails.', '{"Food": ["Street Food", "Asian"], "Movies": ["Adventure", "Comedy"], "Hobbies": ["Traveling", "Photography"], "Sports": ["Hiking", "Surfing"], "Activities": ["Outdoor Exploration", "Traveling"]}', NULL, '59.417431', '27.28335', '50'),
('191d99c6-2547-4799-b7ac-66d21122b037', 'b7df115e-b23c-41b9-8883-fa989b2bcca3', 'Aleksandr', 'Bayley', 'male', '22', 'Outgoing socializer who enjoys street food, dancing, and tech innovation.', '{"Food": ["Street Food"], "Movies": ["Comedy"], "Hobbies": ["Dancing"], "Sports": ["Team Sports (Football, Basketball)"], "Activities": ["Socializing ", "Technology & Innovation"]}', NULL, '58.883897', '25.540922', '50'),
('adb3aa3e-5a02-4c01-b0d3-7c2c659b1649', '2cb2d3c6-060c-4d6c-9590-d4b3f8ee0862', 'Dominic', 'Wanklin', 'female', '44', 'Creative soul fascinated by art, fashion, and tech innovations.', '{"Food": ["International", "Seafood"], "Movies": ["Animation", "Mystery & Crime"], "Hobbies": ["Art", "Fashion & Design"], "Sports": ["Dancing", "Rock Climbing"], "Activities": ["Entrepreneurship", "Socializing "]}', NULL, '59.436962', '24.753574', '50'),
('9ffdd548-7ab0-4822-8b5a-17e254d0de8b', '5212bc35-7a18-4cbd-826c-fd8bc7fb4bc1', 'Eimile', 'O Mullen', 'male', '47', 'Bookworm and music lover who enjoys cycling and volunteering.', '{"Food": ["Vegan/Vegetarian", "Desserts"], "Movies": ["Drama", "Romance"], "Hobbies": ["Reading", "Music"], "Sports": ["Cycling", "Yoga"], "Activities": ["Volunteering", "History & Culture"]}', NULL, '58.259627', '24.508445', '50'),
('b69ee21d-2b99-4b66-a32a-65bfe90a969a', '9d7889ef-daa4-4ca7-9681-d08b0f489b9e', 'Robinette', 'Braine', 'female', '36', 'Documentary buff with a love for gardening and sustainable living.', '{"Food": ["Asian", "Vegan/Vegetarian"], "Movies": ["Documentaries"], "Hobbies": ["Gardening & Sustainability"], "Sports": ["Swimming"], "Activities": ["History & Culture"]}', NULL, '58.377625', '26.729006', '50'),
('13152434-a0f3-4550-8886-7276332090c4', 'c5354522-2260-4bd9-b5e6-476d7aacc022', 'Jeth', 'McRae', 'female', '45', 'Bookworm and music lover who enjoys cycling and volunteering.', '{"Food": ["Vegan/Vegetarian", "Desserts"], "Movies": ["Drama", "Romance"], "Hobbies": ["Reading", "Music"], "Sports": ["Cycling", "Yoga"], "Activities": ["Volunteering", "History & Culture"]}', NULL, '59.417431', '27.28335', '50'),
('c7b82c77-69d1-4cad-8bb7-8ea2f27028cc', '36ccb427-c634-41f9-8445-6799ec622459', 'Dame', 'Coast', 'male', '47', 'Documentary buff with a love for gardening and sustainable living.', '{"Food": ["Asian", "Vegan/Vegetarian"], "Movies": ["Documentaries"], "Hobbies": ["Gardening & Sustainability"], "Sports": ["Swimming"], "Activities": ["History & Culture"]}', NULL, '59.436962', '24.753574', '50'),
('ad0157b5-1d65-40f9-8bbb-0dc2e3cbfbb8', '31957eb8-9da1-49e6-9b81-9c0ff4019aeb', 'Aldrich', 'Gurry', 'female', '35', 'Fitness fanatic passionate about running, yoga, and healthy eating habits.', '{"Food": ["Healthy", "Spicy"], "Movies": ["Thriller", "Action"], "Hobbies": ["Sports"], "Sports": ["Running", "Yoga"], "Activities": ["Meditation & Wellness", "Personal"]}', NULL, '58.883897', '25.540922', '50'),
('2139e920-ef3f-4435-9e4f-84360f6df026', '05fcc62b-cee1-43dd-89d0-55a65137b96c', 'Clo', 'Olivi', 'male', '27', 'Outgoing socializer who enjoys street food, dancing, and tech innovation.', '{"Food": ["Street Food"], "Movies": ["Comedy"], "Hobbies": ["Dancing"], "Sports": ["Team Sports (Football, Basketball)"], "Activities": ["Socializing ", "Technology & Innovation"]}', NULL, '58.377625', '26.729006', '50'),
('b118783b-07c2-436b-8068-60f90bd85612', '3fc0930b-5c34-4451-a46a-a4e9ddbd433c', 'Cirillo', 'Josskoviz', 'female', '48', 'Creative soul fascinated by art, fashion, and tech innovations.', '{"Food": ["International", "Seafood"], "Movies": ["Animation", "Mystery & Crime"], "Hobbies": ["Art", "Fashion & Design"], "Sports": ["Dancing", "Rock Climbing"], "Activities": ["Entrepreneurship", "Socializing "]}', NULL, '58.259627', '24.508445', '50'),
('a08b20ad-25bb-4a36-93e6-fea5bed9f1fc', 'cc83af09-77c3-4886-8cd0-85106cc60e31', 'Harley', 'Carhart', 'male', '22', 'Tech enthusiast who loves cooking and playing team sports in free time.', '{"Food": ["Italian", "Healthy"], "Movies": ["Sci-Fi & Fantasy", "Documentaries"], "Hobbies": ["Tech & Gadgets", "Cooking"], "Sports": ["Team Sports (Football, Basketball)", "Running"], "Activities": ["Technology & Innovation", "Meditation & Wellness"]}', NULL, '58.883897', '25.540922', '50'),
('c0d36c80-3e0d-49e4-8950-e2c0ce054426', '187a3fef-9c6a-4dd1-9548-bb5aced7e988', 'Bobette', 'Ganderton', 'female', '19', 'Mystery and crime movie lover who enjoys gaming and tech gadgets.', '{"Food": ["American"], "Movies": ["Mystery & Crime"], "Hobbies": ["Gaming", "Tech & Gadgets"], "Sports": ["Cycling"], "Activities": ["Personal"]}', NULL, '59.436962', '24.753574', '50'),
('450fc616-be7e-40f2-8b52-8f05a09a830a', '48929679-5e18-4d3b-8852-d7e0efc97a00', 'Siana', 'Boddymead', 'male', '21', 'Romantic heart with a passion for art, music, and exploring new cultures.', '{"Food": ["Italian"], "Movies": ["Romance", "Drama"], "Hobbies": ["Art", "Music"], "Sports": ["Swimming"], "Activities": ["History & Culture", "Traveling"]}', NULL, '58.377625', '26.729006', '50'),
('6a16caf5-4b96-42b6-b8d2-bf5433682d46', '318dff5d-e56f-47a6-ba9d-fb17487b096d', 'Raymond', 'Ingre', 'female', '44', 'Adventurer and foodie, always exploring new cuisines and hiking trails.', '{"Food": ["Street Food", "Asian"], "Movies": ["Adventure", "Comedy"], "Hobbies": ["Traveling", "Photography"], "Sports": ["Hiking", "Surfing"], "Activities": ["Outdoor Exploration", "Traveling"]}', NULL, '59.417431', '27.28335', '50'),
('b4ddbf47-d45c-4197-8189-6f051a8029b6', '07855edb-c80a-461f-9e9d-ac29ccfdfe55', 'Lucita', 'Beacom', 'male', '27', 'Nature lover who enjoys skiing, cooking, and documentary films.', '{"Food": ["Seafood"], "Movies": ["Documentaries"], "Hobbies": ["Cooking"], "Sports": ["Skiing/Snowboarding"], "Activities": ["Outdoor Exploration"]}', NULL, '58.259627', '24.508445', '50'),
('75a6540d-dc19-4934-846e-7ed5233d71b9', '11dccaa4-d07a-40f9-a10d-d70c820c201f', 'Celeste', 'Dyble', 'female', '24', 'Tech enthusiast who loves cooking and playing team sports in free time.', '{"Food": ["Italian", "Healthy"], "Movies": ["Sci-Fi & Fantasy", "Documentaries"], "Hobbies": ["Tech & Gadgets", "Cooking"], "Sports": ["Team Sports (Football, Basketball)", "Running"], "Activities": ["Technology & Innovation", "Meditation & Wellness"]}', NULL, '58.883897', '25.540922', '50'),
('9e9a4f4d-f3f6-470b-9aaf-493faeb68758', '7dedb21a-5f79-45a8-acdd-c658e4d4c570', 'Lucine', 'Maleney', 'male', '25', 'Documentary buff with a love for gardening and sustainable living.', '{"Food": ["Asian", "Vegan/Vegetarian"], "Movies": ["Documentaries"], "Hobbies": ["Gardening & Sustainability"], "Sports": ["Swimming"], "Activities": ["History & Culture"]}', NULL, '59.436962', '24.753574', '50'),
('c69d1864-1eef-4ba1-aebd-7a4003314ab3', 'ae902b47-7220-491b-8edd-61bc1f1079be', 'Calvin', 'Dougherty', 'male', '32', 'Creative soul fascinated by art, fashion, and tech innovations.', '{"Food": ["International", "Seafood"], "Movies": ["Animation", "Mystery & Crime"], "Hobbies": ["Art", "Fashion & Design"], "Sports": ["Dancing", "Rock Climbing"], "Activities": ["Entrepreneurship", "Socializing "]}', NULL, '58.259627', '24.508445', '50'),
('39d2c3af-e687-4bad-a27e-dbf639885ebe', 'b16f81d7-eb0b-41cd-a0c2-cdd4d40ecfa1', 'Aloin', 'Defew', 'female', '49', 'Mystery and crime movie lover who enjoys gaming and tech gadgets.', '{"Food": ["American"], "Movies": ["Mystery & Crime"], "Hobbies": ["Gaming", "Tech & Gadgets"], "Sports": ["Cycling"], "Activities": ["Personal"]}', NULL, '58.377625', '26.729006', '50'),
('8bd4ba25-0796-4605-be22-19593c895ba4', '11d6d434-c993-451c-88f2-8632a8cdcb59', 'Marlee', 'Skeates', 'male', '18', 'Romantic heart with a passion for art, music, and exploring new cultures.', '{"Food": ["Italian"], "Movies": ["Romance", "Drama"], "Hobbies": ["Art", "Music"], "Sports": ["Swimming"], "Activities": ["History & Culture", "Traveling"]}', NULL, '59.417431', '27.28335', '50'),
('2f3f7c32-fb57-4b05-bfbd-16b9c39b8255', '8a9409b9-ebed-4afb-8da4-faf47c14ceee', 'Daniella', 'Longland', 'female', '49', 'Nature lover who enjoys skiing, cooking, and documentary films.', '{"Food": ["Seafood"], "Movies": ["Documentaries"], "Hobbies": ["Cooking"], "Sports": ["Skiing/Snowboarding"], "Activities": ["Outdoor Exploration"]}', NULL, '59.417431', '27.28335', '50'),
('3900678c-56a1-4f65-90ef-30bfecfee064', 'fb4e85a7-56f8-4cff-81c6-40b1bf9903ed', 'Freda', 'Ixer', 'female', '47', 'Bookworm and music lover who enjoys cycling and volunteering.', '{"Food": ["Vegan/Vegetarian", "Desserts"], "Movies": ["Drama", "Romance"], "Hobbies": ["Reading", "Music"], "Sports": ["Cycling", "Yoga"], "Activities": ["Volunteering", "History & Culture"]}', NULL, '58.259627', '24.508445', '50'),
('777c2b1e-25ca-4444-a7d8-95465f69214e', '430d164f-7ac4-4a4d-a39c-b863951f4e1b', 'Flori', 'Buttner', 'male', '31', 'Fitness fanatic passionate about running, yoga, and healthy eating habits.', '{"Food": ["Healthy", "Spicy"], "Movies": ["Thriller", "Action"], "Hobbies": ["Sports"], "Sports": ["Running", "Yoga"], "Activities": ["Meditation & Wellness", "Personal"]}', NULL, '59.436962', '24.753574', '50'),
('363b597f-70ac-4e11-988e-9419a2b7cef9', '34c40cbf-130e-45fd-8241-14e3992a667d', 'Skippie', 'Linnett', 'female', '37', 'Adventurer and foodie, always exploring new cuisines and hiking trails.', '{"Food": ["Street Food", "Asian"], "Movies": ["Adventure", "Comedy"], "Hobbies": ["Traveling", "Photography"], "Sports": ["Hiking", "Surfing"], "Activities": ["Outdoor Exploration", "Traveling"]}', NULL, '58.883897', '25.540922', '50'),
('daa1008f-b231-4619-8de5-39fa9c83a572', '04dfb584-8766-4d4b-952c-abf06a7d5563', 'Winthrop', 'Lamasna', 'male', '32', 'Outgoing socializer who enjoys street food, dancing, and tech innovation.', '{"Food": ["Street Food"], "Movies": ["Comedy"], "Hobbies": ["Dancing"], "Sports": ["Team Sports (Football, Basketball)"], "Activities": ["Socializing ", "Technology & Innovation"]}', NULL, '58.377625', '26.729006', '50'),
('7b3a7f13-644e-48d5-9ebc-a63b3872883d', '7044b005-1d5c-4cb6-b2a3-2ed553cc5c5b', 'Leigha', 'Lathom', 'male', '38', 'Outgoing socializer who enjoys street food, dancing, and tech innovation.', '{"Food": ["Street Food"], "Movies": ["Comedy"], "Hobbies": ["Dancing"], "Sports": ["Team Sports (Football, Basketball)"], "Activities": ["Socializing ", "Technology & Innovation"]}', NULL, '58.377625', '26.729006', '50'),
('8fa194b7-b975-43ef-a42c-aeabbe75076e', '910e52c6-92a2-418a-b31b-6deac247a41b', 'Granville', 'Finneran', 'female', '22', 'Bookworm and music lover who enjoys cycling and volunteering.', '{"Food": ["Vegan/Vegetarian", "Desserts"], "Movies": ["Drama", "Romance"], "Hobbies": ["Reading", "Music"], "Sports": ["Cycling", "Yoga"], "Activities": ["Volunteering", "History & Culture"]}', NULL, '59.417431', '27.28335', '50'),
('636e5297-223e-4a72-b4a7-9b6d8992e599', '96c8afa1-d811-48e7-bc6d-084ecf57fd2b', 'Claribel', 'Scouller', 'female', '45', 'Adventurer and foodie, always exploring new cuisines and hiking trails.', '{"Food": ["Street Food", "Asian"], "Movies": ["Adventure", "Comedy"], "Hobbies": ["Traveling", "Photography"], "Sports": ["Hiking", "Surfing"], "Activities": ["Outdoor Exploration", "Traveling"]}', NULL, '59.436962', '24.753574', '50'),
('46a69ff5-1bce-48a1-ba54-b067ebeb1967', 'da102359-ab86-4380-975d-709b2e1ddde8', 'Hans', 'Brito', 'male', '20', 'Creative soul fascinated by art, fashion, and tech innovations.', '{"Food": ["International", "Seafood"], "Movies": ["Animation", "Mystery & Crime"], "Hobbies": ["Art", "Fashion & Design"], "Sports": ["Dancing", "Rock Climbing"], "Activities": ["Entrepreneurship", "Socializing "]}', NULL, '58.883897', '25.540922', '50'),
('6df6525b-d772-4354-8e9b-ede5140d223b', '3bbaaea7-c24c-4676-ba3e-bd7debbfd8e5', 'Wake', 'Sallier', 'male', '21', 'Tech enthusiast who loves cooking and playing team sports in free time.', '{"Food": ["Italian", "Healthy"], "Movies": ["Sci-Fi & Fantasy", "Documentaries"], "Hobbies": ["Tech & Gadgets", "Cooking"], "Sports": ["Team Sports (Football, Basketball)", "Running"], "Activities": ["Technology & Innovation", "Meditation & Wellness"]}', NULL, '58.259627', '24.508445', '50'),
('82e771a3-23ed-4f5f-94a5-ca79ceaf8f86', '108dbac0-b941-4f3a-a453-7197fd1d7118', 'Ludovika', 'Kilpin', 'female', '47', 'Documentary buff with a love for gardening and sustainable living.', '{"Food": ["Asian", "Vegan/Vegetarian"], "Movies": ["Documentaries"], "Hobbies": ["Gardening & Sustainability"], "Sports": ["Swimming"], "Activities": ["History & Culture"]}', NULL, '58.377625', '26.729006', '50'),
('ff1ff153-148f-434f-bf8e-92947308de88', 'efde1921-9378-45d1-a103-1827c263322e', 'Zuzana', 'Swaite', 'female', '40', 'Fitness fanatic passionate about running, yoga, and healthy eating habits.', '{"Food": ["Healthy", "Spicy"], "Movies": ["Thriller", "Action"], "Hobbies": ["Sports"], "Sports": ["Running", "Yoga"], "Activities": ["Meditation & Wellness", "Personal"]}', NULL, '59.417431', '27.28335', '50'),
('c1732a23-41f3-4a40-8650-474a0535c69d', '9b7eedf7-6e85-4e06-b69c-ce708d977f41', 'Skyler', 'Bolsover', 'male', '25', 'Romantic heart with a passion for art, music, and exploring new cultures.', '{"Food": ["Italian"], "Movies": ["Romance", "Drama"], "Hobbies": ["Art", "Music"], "Sports": ["Swimming"], "Activities": ["History & Culture", "Traveling"]}', NULL, '58.259627', '24.508445', '50'),
('744f2f98-25ba-4544-8b63-ec764d0426e7', 'a1b841f4-b373-4d17-b314-e50e6c10dc3d', 'Raquela', 'Jackways', 'male', '49', 'Nature lover who enjoys skiing, cooking, and documentary films.', '{"Food": ["Seafood"], "Movies": ["Documentaries"], "Hobbies": ["Cooking"], "Sports": ["Skiing/Snowboarding"], "Activities": ["Outdoor Exploration"]}', NULL, '59.436962', '24.753574', '50'),
('97f4c733-8e2a-4420-9ab8-06c754b8fab0', '2a0bebde-b648-411d-a02c-0abdd607bc34', 'Sayer', 'Kerwen', 'female', '40', 'Mystery and crime movie lover who enjoys gaming and tech gadgets.', '{"Food": ["American"], "Movies": ["Mystery & Crime"], "Hobbies": ["Gaming", "Tech & Gadgets"], "Sports": ["Cycling"], "Activities": ["Personal"]}', NULL, '58.883897', '25.540922', '50'),
('1946f5b2-06c0-40dd-95de-5743bede9d4b', 'b666b98d-edcd-4f69-9a16-caa6593fc911', 'Renato', 'Tregiddo', 'male', '41', 'Outgoing socializer who enjoys street food, dancing, and tech innovation.', '{"Food": ["Street Food"], "Movies": ["Comedy"], "Hobbies": ["Dancing"], "Sports": ["Team Sports (Football, Basketball)"], "Activities": ["Socializing ", "Technology & Innovation"]}', NULL, '59.417431', '27.28335', '50'),
('2bad92d0-dde8-439c-a833-aa06ec7a89ba', '959895ab-5188-4119-8ee7-8f5338860e8d', 'Licha', 'Gabbitus', 'female', '28', 'Creative soul fascinated by art, fashion, and tech innovations.', '{"Food": ["International", "Seafood"], "Movies": ["Animation", "Mystery & Crime"], "Hobbies": ["Art", "Fashion & Design"], "Sports": ["Dancing", "Rock Climbing"], "Activities": ["Entrepreneurship", "Socializing "]}', NULL, '58.259627', '24.508445', '50'),
('947daff0-c4a5-4c6f-a63a-966447ee2347', '541ba33a-f0fb-43ae-a75d-ce4c9f29ffe6', 'Hewitt', 'McInility', 'male', '26', 'Tech enthusiast who loves cooking and playing team sports in free time.', '{"Food": ["Italian", "Healthy"], "Movies": ["Sci-Fi & Fantasy", "Documentaries"], "Hobbies": ["Tech & Gadgets", "Cooking"], "Sports": ["Team Sports (Football, Basketball)", "Running"], "Activities": ["Technology & Innovation", "Meditation & Wellness"]}', NULL, '59.436962', '24.753574', '50'),
('d827aea2-3fe4-4fdb-832c-f22ff7b4ec68', '6da04fa2-47a9-4b0f-bf31-7f4fb56ec549', 'Catrina', 'Poyntz', 'female', '26', 'Mystery and crime movie lover who enjoys gaming and tech gadgets.', '{"Food": ["American"], "Movies": ["Mystery & Crime"], "Hobbies": ["Gaming", "Tech & Gadgets"], "Sports": ["Cycling"], "Activities": ["Personal"]}', NULL, '58.883897', '25.540922', '50'),
('5538e196-2ead-4243-953e-b37c6008a765', 'e19e7094-b371-46b4-ac19-6c2e25dec043', 'Ibrahim', 'Belbin', 'male', '44', 'Romantic heart with a passion for art, music, and exploring new cultures.', '{"Food": ["Italian"], "Movies": ["Romance", "Drama"], "Hobbies": ["Art", "Music"], "Sports": ["Swimming"], "Activities": ["History & Culture", "Traveling"]}', NULL, '58.377625', '26.729006', '50'),
('ab50671c-5115-4f4d-bffb-6f527a6d7e27', 'b0e5b7ed-36fb-4131-9b48-c503cf9a9442', 'Sawyer', 'Brotherwood', 'female', '30', 'Adventurer and foodie, always exploring new cuisines and hiking trails.', '{"Food": ["Street Food", "Asian"], "Movies": ["Adventure", "Comedy"], "Hobbies": ["Traveling", "Photography"], "Sports": ["Hiking", "Surfing"], "Activities": ["Outdoor Exploration", "Traveling"]}', NULL, '58.883897', '25.540922', '50'),
('52c81f6e-e8a7-48aa-91dd-a136fa91922c', '1393eb56-8046-45b1-b9ce-86205e06f88f', 'Stephi', 'Robun', 'female', '37', 'Nature lover who enjoys skiing, cooking, and documentary films.', '{"Food": ["Seafood"], "Movies": ["Documentaries"], "Hobbies": ["Cooking"], "Sports": ["Skiing/Snowboarding"], "Activities": ["Outdoor Exploration"]}', NULL, '58.377625', '26.729006', '50'),
('cceb32ea-e117-45b1-b1c9-1be8aa09e912', '939fab69-1b4b-4d03-b813-597d0324586d', 'Genia', 'Carpmile', 'male', '36', 'Bookworm and music lover who enjoys cycling and volunteering.', '{"Food": ["Vegan/Vegetarian", "Desserts"], "Movies": ["Drama", "Romance"], "Hobbies": ["Reading", "Music"], "Sports": ["Cycling", "Yoga"], "Activities": ["Volunteering", "History & Culture"]}', NULL, '58.259627', '24.508445', '50'),
('64d69bc7-8408-4677-b7c7-a840ee4645ec', '4dc21152-8a0d-4647-b4df-10f541b1cfc1', 'Axel', 'Claridge', 'male', '47', 'Documentary buff with a love for gardening and sustainable living.', '{"Food": ["Asian", "Vegan/Vegetarian"], "Movies": ["Documentaries"], "Hobbies": ["Gardening & Sustainability"], "Sports": ["Swimming"], "Activities": ["History & Culture"]}', NULL, '59.417431', '27.28335', '50'),
('d99250ca-7a38-4756-afcf-0f6f28f9acd4', '5cbcf898-7fc4-400c-acf9-ac2335de6f15', 'Letizia', 'Christauffour', 'female', '49', 'Fitness fanatic passionate about running, yoga, and healthy eating habits.', '{"Food": ["Healthy", "Spicy"], "Movies": ["Thriller", "Action"], "Hobbies": ["Sports"], "Sports": ["Running", "Yoga"], "Activities": ["Meditation & Wellness", "Personal"]}', NULL, '59.436962', '24.753574', '50'),
('7d7f574f-1406-4888-b4f1-6967ab3ca0aa', '59462e38-6daf-4527-8148-a9124d7d3f82', 'Emelen', 'Thieme', 'female', '29', 'Mystery and crime movie lover who enjoys gaming and tech gadgets.', '{"Food": ["American"], "Movies": ["Mystery & Crime"], "Hobbies": ["Gaming", "Tech & Gadgets"], "Sports": ["Cycling"], "Activities": ["Personal"]}', NULL, '58.259627', '24.508445', '50'),
('99296195-d86b-4769-b59d-a1939891ff13', '8e18e9f2-033e-418a-b3ac-76fb8fe71e81', 'Balduin', 'Kures', 'male', '39', 'Documentary buff with a love for gardening and sustainable living.', '{"Food": ["Asian", "Vegan/Vegetarian"], "Movies": ["Documentaries"], "Hobbies": ["Gardening & Sustainability"], "Sports": ["Swimming"], "Activities": ["History & Culture"]}', NULL, '58.883897', '25.540922', '50'),
('1afee239-9641-4ed3-bd95-05dc60076c26', 'e6a9632e-c58f-4ff2-a658-92171d19b5a4', 'Stephie', 'Melrose', 'female', '28', 'Romantic heart with a passion for art, music, and exploring new cultures.', '{"Food": ["Italian"], "Movies": ["Romance", "Drama"], "Hobbies": ["Art", "Music"], "Sports": ["Swimming"], "Activities": ["History & Culture", "Traveling"]}', NULL, '59.436962', '24.753574', '50'),
('1155ea72-7e63-44ad-98f3-bb2ef65bfd49', '3d1b9fa1-b01f-47a4-9a61-211d0a71ff89', 'Jazmin', 'Le Breton De La Vieuville', 'male', '18', 'Outgoing socializer who enjoys street food, dancing, and tech innovation.', '{"Food": ["Street Food"], "Movies": ["Comedy"], "Hobbies": ["Dancing"], "Sports": ["Team Sports (Football, Basketball)"], "Activities": ["Socializing ", "Technology & Innovation"]}', NULL, '58.377625', '26.729006', '50'),
('de54325b-6847-4dbd-b27b-2c4f46d1cf8e', '7637bd48-a8d7-4645-8360-31a9a5b7b467', 'Joe', 'Bagby', 'male', '26', 'Nature lover who enjoys skiing, cooking, and documentary films.', '{"Food": ["Seafood"], "Movies": ["Documentaries"], "Hobbies": ["Cooking"], "Sports": ["Skiing/Snowboarding"], "Activities": ["Outdoor Exploration"]}', NULL, '59.417431', '27.28335', '50'),
('c45994c1-c03c-4f0e-9602-c3fb543f0dae', 'f4d25738-0540-4144-afea-642ad823c9d3', 'Archambault', 'Leathem', 'female', '45', 'Bookworm and music lover who enjoys cycling and volunteering.', '{"Food": ["Vegan/Vegetarian", "Desserts"], "Movies": ["Drama", "Romance"], "Hobbies": ["Reading", "Music"], "Sports": ["Cycling", "Yoga"], "Activities": ["Volunteering", "History & Culture"]}', NULL, '59.417431', '27.28335', '50'),
('daf2f4e2-0396-4748-b998-f07fc158b2b0', '42242e37-f3e9-4e63-80ea-bbbe9b791415', 'Layne', 'Sallan', 'female', '40', 'Adventurer and foodie, always exploring new cuisines and hiking trails.', '{"Food": ["Street Food", "Asian"], "Movies": ["Adventure", "Comedy"], "Hobbies": ["Traveling", "Photography"], "Sports": ["Hiking", "Surfing"], "Activities": ["Outdoor Exploration", "Traveling"]}', NULL, '59.436962', '24.753574', '50'),
('8847d17f-324a-4c70-9ecf-c515a047ebc8', 'c86a838a-1389-4c1c-8501-0def8ce365b2', 'George', 'Skittle', 'male', '35', 'Tech enthusiast who loves cooking and playing team sports in free time.', '{"Food": ["Italian", "Healthy"], "Movies": ["Sci-Fi & Fantasy", "Documentaries"], "Hobbies": ["Tech & Gadgets", "Cooking"], "Sports": ["Team Sports (Football, Basketball)", "Running"], "Activities": ["Technology & Innovation", "Meditation & Wellness"]}', NULL, '58.883897', '25.540922', '50'),
('0a448b8e-5f28-4c71-81fd-7ef0ad3a6204', 'cc41f3de-d3e5-4251-bbc3-9cffaad93b42', 'Torrin', 'Mattiacci', 'male', '49', 'Fitness fanatic passionate about running, yoga, and healthy eating habits.', '{"Food": ["Healthy", "Spicy"], "Movies": ["Thriller", "Action"], "Hobbies": ["Sports"], "Sports": ["Running", "Yoga"], "Activities": ["Meditation & Wellness", "Personal"]}', NULL, '58.259627', '24.508445', '50'),
('b38ab50e-d0f6-47fe-967d-638f7ccd6772', '30d4c6b0-38a1-45fe-9dd7-97959f4ab0b5', 'Michael', 'Ratcliffe', 'female', '39', 'Creative soul fascinated by art, fashion, and tech innovations.', '{"Food": ["International", "Seafood"], "Movies": ["Animation", "Mystery & Crime"], "Hobbies": ["Art", "Fashion & Design"], "Sports": ["Dancing", "Rock Climbing"], "Activities": ["Entrepreneurship", "Socializing "]}', NULL, '58.377625', '26.729006', '50'),
('7a6fcfaa-10d2-4efe-a95f-4a4445e97279', 'baadea1f-c9cd-4089-b273-ee747ec16465', 'Alic', 'Carradice', 'male', '42', 'Documentary buff with a love for gardening and sustainable living.', '{"Food": ["Asian", "Vegan/Vegetarian"], "Movies": ["Documentaries"], "Hobbies": ["Gardening & Sustainability"], "Sports": ["Swimming"], "Activities": ["History & Culture"]}', NULL, '59.436962', '24.753574', '50'),
('0e56c5f1-ddd0-4c83-bb80-5763aeeaf529', '5ab6589a-862f-48cf-ab92-bb8ff8c1fd50', 'Andrea', 'MacIlraith', 'female', '18', 'Creative soul fascinated by art, fashion, and tech innovations.', '{"Food": ["International", "Seafood"], "Movies": ["Animation", "Mystery & Crime"], "Hobbies": ["Art", "Fashion & Design"], "Sports": ["Dancing", "Rock Climbing"], "Activities": ["Entrepreneurship", "Socializing "]}', NULL, '58.259627', '24.508445', '50'),
('e4f4f139-3ea7-4e4c-b9cd-64c65b9c2033', '0411f5cd-f915-4357-863e-a151ef97c5e3', 'Brittan', 'Caesman', 'male', '41', 'Mystery and crime movie lover who enjoys gaming and tech gadgets.', '{"Food": ["American"], "Movies": ["Mystery & Crime"], "Hobbies": ["Gaming", "Tech & Gadgets"], "Sports": ["Cycling"], "Activities": ["Personal"]}', NULL, '58.377625', '26.729006', '50'),
('a657fd1a-bf3e-4269-bead-832513db0a81', 'bca51c50-b98b-4ca7-997f-ea8efb771325', 'Lillis', 'Mattacks', 'female', '43', 'Romantic heart with a passion for art, music, and exploring new cultures.', '{"Food": ["Italian"], "Movies": ["Romance", "Drama"], "Hobbies": ["Art", "Music"], "Sports": ["Swimming"], "Activities": ["History & Culture", "Traveling"]}', NULL, '59.417431', '27.28335', '50'),
('989e243b-68e3-4511-b004-d2382ea9efde', 'c1a56ccf-3bbf-4e97-ad55-f61d5a98a850', 'Piper', 'Earey', 'female', '39', 'Nature lover who enjoys skiing, cooking, and documentary films.', '{"Food": ["Seafood"], "Movies": ["Documentaries"], "Hobbies": ["Cooking"], "Sports": ["Skiing/Snowboarding"], "Activities": ["Outdoor Exploration"]}', NULL, '58.883897', '25.540922', '50'),
('e56831d7-2a8d-431a-9311-00bed801487e', 'f7ad12ee-5e38-41c3-9b5a-edc8eec8af87', 'Johnathan', 'Brashier', 'male', '38', 'Bookworm and music lover who enjoys cycling and volunteering.', '{"Food": ["Vegan/Vegetarian", "Desserts"], "Movies": ["Drama", "Romance"], "Hobbies": ["Reading", "Music"], "Sports": ["Cycling", "Yoga"], "Activities": ["Volunteering", "History & Culture"]}', NULL, '58.883897', '25.540922', '50'),
('cf84d7be-31c0-4748-a4d2-ef0464f7efbb', '20f97fea-fdf2-455a-9304-0a8972645812', 'Ellery', 'Eykel', 'female', '36', 'Fitness fanatic passionate about running, yoga, and healthy eating habits.', '{"Food": ["Healthy", "Spicy"], "Movies": ["Thriller", "Action"], "Hobbies": ["Sports"], "Sports": ["Running", "Yoga"], "Activities": ["Meditation & Wellness", "Personal"]}', NULL, '59.436962', '24.753574', '50'),
('5567e8f0-e100-4acc-8289-8c5747dc198e', '1ec54f1c-07c0-45a2-aed7-197acc0cd383', 'Jacky', 'Gokes', 'male', '21', 'Adventurer and foodie, always exploring new cuisines and hiking trails.', '{"Food": ["Street Food", "Asian"], "Movies": ["Adventure", "Comedy"], "Hobbies": ["Traveling", "Photography"], "Sports": ["Hiking", "Surfing"], "Activities": ["Outdoor Exploration", "Traveling"]}', NULL, '58.377625', '26.729006', '50'),
('c51fa048-2c8f-4640-bf9b-e326afba2cc4', '5b57e30b-f221-43de-8b33-16b596526bd5', 'Jaquenette', 'Tween', 'male', '28', 'Outgoing socializer who enjoys street food, dancing, and tech innovation.', '{"Food": ["Street Food"], "Movies": ["Comedy"], "Hobbies": ["Dancing"], "Sports": ["Team Sports (Football, Basketball)"], "Activities": ["Socializing ", "Technology & Innovation"]}', NULL, '59.417431', '27.28335', '50'),
('ff5ccad4-4c0c-4714-97e2-2ebaaa83f43a', '5d73238f-ae26-4ebd-899e-7d6000125dd9', 'Emmie', 'Nucator', 'female', '49', 'Tech enthusiast who loves cooking and playing team sports in free time.', '{"Food": ["Italian", "Healthy"], "Movies": ["Sci-Fi & Fantasy", "Documentaries"], "Hobbies": ["Tech & Gadgets", "Cooking"], "Sports": ["Team Sports (Football, Basketball)", "Running"], "Activities": ["Technology & Innovation", "Meditation & Wellness"]}', NULL, '58.259627', '24.508445', '50'),
('1d6ed6e9-1c86-46fd-b7f4-849268ea4863', 'f2a18bd9-52af-4c1d-b16a-83ca88f7001c', 'Brynna', 'Tathacott', 'male', '39', 'Creative soul fascinated by art, fashion, and tech innovations.', '{"Food": ["International", "Seafood"], "Movies": ["Animation", "Mystery & Crime"], "Hobbies": ["Art", "Fashion & Design"], "Sports": ["Dancing", "Rock Climbing"], "Activities": ["Entrepreneurship", "Socializing "]}', NULL, '58.377625', '26.729006', '50'),
('5d70dc72-06b5-4c75-b857-ae7d02a34388', 'd707174b-2ce4-4aa7-a3c7-7a8bfe32ba3b', 'Dwayne', 'Doughill', 'female', '26', 'Mystery and crime movie lover who enjoys gaming and tech gadgets.', '{"Food": ["American"], "Movies": ["Mystery & Crime"], "Hobbies": ["Gaming", "Tech & Gadgets"], "Sports": ["Cycling"], "Activities": ["Personal"]}', NULL, '59.417431', '27.28335', '50'),
('08cd38be-d436-482c-804a-14e5e99b2bd0', 'ac442b90-202c-4b0b-bac9-1b9c87e8a92d', 'Godard', 'Venturoli', 'male', '43', 'Romantic heart with a passion for art, music, and exploring new cultures.', '{"Food": ["Italian"], "Movies": ["Romance", "Drama"], "Hobbies": ["Art", "Music"], "Sports": ["Swimming"], "Activities": ["History & Culture", "Traveling"]}', NULL, '58.883897', '25.540922', '50'),
('5dee44d7-a733-4432-9cfe-6a909c5bb081', 'c4704732-9558-479a-8bee-8d95d21f1dec', 'Nicolette', 'Greenland', 'female', '25', 'Nature lover who enjoys skiing, cooking, and documentary films.', '{"Food": ["Seafood"], "Movies": ["Documentaries"], "Hobbies": ["Cooking"], "Sports": ["Skiing/Snowboarding"], "Activities": ["Outdoor Exploration"]}', NULL, '59.436962', '24.753574', '50'),
('690a02b8-8814-4cd9-8fd0-8f0455636950', '95426400-fcaf-4434-b633-bda5fd98c1e6', 'Audi', 'Sharpless', 'female', '40', 'Bookworm and music lover who enjoys cycling and volunteering.', '{"Food": ["Vegan/Vegetarian", "Desserts"], "Movies": ["Drama", "Romance"], "Hobbies": ["Reading", "Music"], "Sports": ["Cycling", "Yoga"], "Activities": ["Volunteering", "History & Culture"]}', NULL, '58.259627', '24.508445', '50'),
('f1331101-3073-4aef-9422-8e574e2f68b7', '8361a2bd-dd64-4c81-af44-aee57fd915c4', 'Bordie', 'Falconbridge', 'male', '35', 'Fitness fanatic passionate about running, yoga, and healthy eating habits.', '{"Food": ["Healthy", "Spicy"], "Movies": ["Thriller", "Action"], "Hobbies": ["Sports"], "Sports": ["Running", "Yoga"], "Activities": ["Meditation & Wellness", "Personal"]}', NULL, '58.259627', '24.508445', '50'),
('7fe57676-ab05-48f6-99a3-c8f717af2e98', '741044d1-6340-4a81-8075-cf28557200c1', 'Judon', 'Erskine Sandys', 'male', '29', 'Adventurer and foodie, always exploring new cuisines and hiking trails.', '{"Food": ["Street Food", "Asian"], "Movies": ["Adventure", "Comedy"], "Hobbies": ["Traveling", "Photography"], "Sports": ["Hiking", "Surfing"], "Activities": ["Outdoor Exploration", "Traveling"]}', NULL, '58.377625', '26.729006', '50'),
('c16dba09-25b8-48f0-8f58-8721776967e8', '215541ff-aab7-4a93-855d-916e47baa317', 'Sofia', 'Dirand', 'female', '45', 'Outgoing socializer who enjoys street food, dancing, and tech innovation.', '{"Food": ["Street Food"], "Movies": ["Comedy"], "Hobbies": ["Dancing"], "Sports": ["Team Sports (Football, Basketball)"], "Activities": ["Socializing ", "Technology & Innovation"]}', NULL, '59.417431', '27.28335', '50'),
('c867e6af-f21e-48cb-a5fe-952a1d4aff38', 'ea52f98f-467e-446d-8eaf-d5250bd41a28', 'Ev', 'Burril', 'male', '38', 'Tech enthusiast who loves cooking and playing team sports in free time.', '{"Food": ["Italian", "Healthy"], "Movies": ["Sci-Fi & Fantasy", "Documentaries"], "Hobbies": ["Tech & Gadgets", "Cooking"], "Sports": ["Team Sports (Football, Basketball)", "Running"], "Activities": ["Technology & Innovation", "Meditation & Wellness"]}', NULL, '59.436962', '24.753574', '50'),
('4a0619d6-9a2d-4e84-8b33-2d3846e76dfe', 'e9cde746-3092-4eb3-9148-02df6eb6baa7', 'Marja', 'Huerta', 'female', '29', 'Documentary buff with a love for gardening and sustainable living.', '{"Food": ["Asian", "Vegan/Vegetarian"], "Movies": ["Documentaries"], "Hobbies": ["Gardening & Sustainability"], "Sports": ["Swimming"], "Activities": ["History & Culture"]}', NULL, '58.883897', '25.540922', '50'),
('0ab8e110-3b6d-4373-a88b-28fd1b5a0084', '1790ad10-6ba7-496d-9857-d5a9e66ebfef', 'Rebekah', 'Borres', 'male', '21', 'Documentary buff with a love for gardening and sustainable living.', '{"Food": ["Asian", "Vegan/Vegetarian"], "Movies": ["Documentaries"], "Hobbies": ["Gardening & Sustainability"], "Sports": ["Swimming"], "Activities": ["History & Culture"]}', NULL, '59.436962', '24.753574', '50'),
('562c430f-885b-4974-9fd7-5d8eb816ce2e', '4a2cb1b3-f337-474a-848b-6aff011b9552', 'Alvan', 'Brumpton', 'female', '44', 'Fitness fanatic passionate about running, yoga, and healthy eating habits.', '{"Food": ["Healthy", "Spicy"], "Movies": ["Thriller", "Action"], "Hobbies": ["Sports"], "Sports": ["Running", "Yoga"], "Activities": ["Meditation & Wellness", "Personal"]}', NULL, '58.377625', '26.729006', '50'),
('47afc984-d944-4293-a5f5-986a7c0c7355', '3b7346dd-ddc5-418d-8d59-b69724b9ed75', 'Filippo', 'Witherow', 'female', '45', 'Romantic heart with a passion for art, music, and exploring new cultures.', '{"Food": ["Italian"], "Movies": ["Romance", "Drama"], "Hobbies": ["Art", "Music"], "Sports": ["Swimming"], "Activities": ["History & Culture", "Traveling"]}', NULL, '59.417431', '27.28335', '50'),
('491e944d-b48a-4bd7-b2d4-13a100b6fc7f', 'b62e8e72-eb5f-46ba-ba6f-731b572f2f05', 'Roxanna', 'Kaasman', 'male', '45', 'Nature lover who enjoys skiing, cooking, and documentary films.', '{"Food": ["Seafood"], "Movies": ["Documentaries"], "Hobbies": ["Cooking"], "Sports": ["Skiing/Snowboarding"], "Activities": ["Outdoor Exploration"]}', NULL, '58.259627', '24.508445', '50'),
('db16883d-69da-4bd3-94b1-a5234e08ca70', '925b879a-3017-4798-99ca-d8c154f0dd65', 'Barbette', 'Lovel', 'male', '24', 'Mystery and crime movie lover who enjoys gaming and tech gadgets.', '{"Food": ["American"], "Movies": ["Mystery & Crime"], "Hobbies": ["Gaming", "Tech & Gadgets"], "Sports": ["Cycling"], "Activities": ["Personal"]}', NULL, '58.883897', '25.540922', '50'),
('d41d607d-6b12-44ba-8d7a-c8a3d8109537', '3ad3d033-0bd4-4c1a-82fd-cd43a1a6f4fb', 'Shela', 'Pynn', 'female', '45', 'Outgoing socializer who enjoys street food, dancing, and tech innovation.', '{"Food": ["Street Food"], "Movies": ["Comedy"], "Hobbies": ["Dancing"], "Sports": ["Team Sports (Football, Basketball)"], "Activities": ["Socializing ", "Technology & Innovation"]}', NULL, '59.436962', '24.753574', '50'),
('68a795a4-8909-4064-b685-45c5c3b660fe', 'c81338cf-59c0-43b3-bb2b-6ab567c5b66c', 'Barb', 'Mulles', 'female', '37', 'Bookworm and music lover who enjoys cycling and volunteering.', '{"Food": ["Vegan/Vegetarian", "Desserts"], "Movies": ["Drama", "Romance"], "Hobbies": ["Reading", "Music"], "Sports": ["Cycling", "Yoga"], "Activities": ["Volunteering", "History & Culture"]}', NULL, '58.377625', '26.729006', '50'),
('915dca5b-fd0a-48cd-85aa-8145d1a797d7', '5bd1491a-78c9-4107-952e-2607d8493953', 'Cathi', 'Braidman', 'male', '41', 'Adventurer and foodie, always exploring new cuisines and hiking trails.', '{"Food": ["Street Food", "Asian"], "Movies": ["Adventure", "Comedy"], "Hobbies": ["Traveling", "Photography"], "Sports": ["Hiking", "Surfing"], "Activities": ["Outdoor Exploration", "Traveling"]}', NULL, '59.417431', '27.28335', '50'),
('7a570dc9-8960-484d-b19b-020dc0ff7d21', '0340e4b6-04d8-4bfe-af07-aa0d3601c81c', 'Reinaldos', 'Baudou', 'male', '36', 'Creative soul fascinated by art, fashion, and tech innovations.', '{"Food": ["International", "Seafood"], "Movies": ["Animation", "Mystery & Crime"], "Hobbies": ["Art", "Fashion & Design"], "Sports": ["Dancing", "Rock Climbing"], "Activities": ["Entrepreneurship", "Socializing "]}', NULL, '58.259627', '24.508445', '50'),
('605836a7-4733-4903-9ebf-d1d7dba92708', '246f03be-e582-4232-b39a-236e6c837df5', 'Laurette', 'Puttock', 'female', '30', 'Tech enthusiast who loves cooking and playing team sports in free time.', '{"Food": ["Italian", "Healthy"], "Movies": ["Sci-Fi & Fantasy", "Documentaries"], "Hobbies": ["Tech & Gadgets", "Cooking"], "Sports": ["Team Sports (Football, Basketball)", "Running"], "Activities": ["Technology & Innovation", "Meditation & Wellness"]}', NULL, '58.883897', '25.540922', '50');

INSERT INTO "user_preferences" ("id", "user_id", "gender_preference", "relationship_types", "lifestyle_preferences", "preferred_languages", "min_age", "max_age") VALUES
('b2a5f7ab-c303-4c41-bb61-c84902df52e1', '7d7d5931-57a0-4379-b1dc-6e648515ed33', 'any', 'friendship,networking', 'active,non-smoker', 'english,french', '24', '72'),
('672e3b99-8fb5-4cb8-89e3-8404945015a9', '11dccaa4-d07a-40f9-a10d-d70c820c201f', 'male', 'long-term', 'adventurous', 'french', '27', '93'),
('4b3681a8-8d93-4943-aa8c-ad1ceab4ec7e', '95426400-fcaf-4434-b633-bda5fd98c1e6', 'female', 'networking', 'non-smoker', 'estonian', '27', '37'),
('1d228907-7db1-49a2-8cd2-a7f452964c4e', '3946dd85-a148-4fdd-99d0-aa1f0ec48336', 'male', 'friendship', 'active', 'english', '28', '77'),
('090234ff-45d1-474b-b949-e569b2222133', '5b57e30b-f221-43de-8b33-16b596526bd5', 'female', 'dating,long-term', 'active,relaxed', 'spanish,french', '28', '94'),
('e47a7b17-e096-4735-8866-9aa789b8e416', '36ccb427-c634-41f9-8445-6799ec622459', 'any', 'dating', 'relaxed', 'spanish', '22', '31'),
('cac8f12b-d636-4ce6-a9bc-80696496fa77', '5bd1491a-78c9-4107-952e-2607d8493953', 'any', 'friendship,dating', 'pet-friendly', 'english,spanish', '26', '40'),
('a268958a-dc71-47fd-a919-3b2e515fe432', '5212bc35-7a18-4cbd-826c-fd8bc7fb4bc1', 'male', 'casual', 'homebody', 'german', '19', '38'),
('bec43314-dc46-4513-8426-29b2712ace1b', 'bbbc3078-f882-4b94-b904-f502ec2bbb73', 'female', 'casual,networking', 'non-smoker,pet-friendly', 'german,estonian', '20', '45'),
('ffda17fe-288e-4fa2-88b7-fb26f74b026d', '6cb4146f-aba7-4ebb-8635-5dc0a09907c5', 'female', 'long-term,casual', 'adventurous,homebody', 'french,german', '29', '80'),
('a8d2d975-1477-4a7b-96f3-9c858622da08', '48929679-5e18-4d3b-8852-d7e0efc97a00', 'any', 'networking', 'non-smoker', 'estonian', '20', '72'),
('3b9e30e2-8ccb-4517-a3e4-f1fa8936615d', '05fcc62b-cee1-43dd-89d0-55a65137b96c', 'male', 'dating,long-term', 'active,relaxed', 'spanish,french', '23', '62'),
('bdc59179-b23a-4348-965f-30220f666bbf', '215541ff-aab7-4a93-855d-916e47baa317', 'female', 'casual', 'homebody', 'german', '25', '68'),
('2071d11a-5735-4369-9b5d-6bc88dfcff37', 'e9cde746-3092-4eb3-9148-02df6eb6baa7', 'any', 'dating', 'relaxed', 'spanish', '19', '72'),
('828766e4-34ba-4796-b436-b2c6ad1bb396', 'cc41f3de-d3e5-4251-bbc3-9cffaad93b42', 'male', 'casual,networking', 'non-smoker,pet-friendly', 'german,estonian', '18', '79'),
('ce6a1f00-351c-4f7f-be87-1cdd88891bdd', '2a0bebde-b648-411d-a02c-0abdd607bc34', 'female', 'long-term,casual', 'adventurous,homebody', 'french,german', '23', '53'),
('908af872-67b9-4c54-b5a6-bc5ff0df32bb', '3fc0930b-5c34-4451-a46a-a4e9ddbd433c', 'any', 'friendship', 'active', 'english', '27', '87'),
('7f3a4b5f-6772-4911-a79a-982821785f32', '81765334-c440-41db-bdf2-ad199693b708', 'male', 'friendship,networking', 'active,non-smoker', 'english,french', '18', '46'),
('9ed57ca7-16c7-4c98-a9da-5875624f6395', '34c40cbf-130e-45fd-8241-14e3992a667d', 'female', 'long-term', 'adventurous', 'french', '28', '45'),
('491cacb1-bf35-4e89-b6d0-0ec76e9a9f5a', '4dc21152-8a0d-4647-b4df-10f541b1cfc1', 'any', 'friendship,dating', 'pet-friendly', 'english,spanish', '20', '87'),
('46fb22d7-e81f-4da7-bc77-d6ad44184933', '1790ad10-6ba7-496d-9857-d5a9e66ebfef', 'male', 'friendship,dating', 'pet-friendly', 'english,spanish', '29', '98'),
('3d84d184-bfc1-4eea-938d-848de95b0f31', 'bf4380d4-4b38-4d7a-9b66-51e90c5a7d83', 'male', 'casual', 'homebody', 'german', '27', '89'),
('ea8c21b6-74c4-44e0-97a2-f26b903d699e', '5cbcf898-7fc4-400c-acf9-ac2335de6f15', 'female', 'casual,networking', 'non-smoker,pet-friendly', 'german,estonian', '29', '97'),
('97e0b985-91cc-4ba3-9d13-92dfe9f53f39', '59462e38-6daf-4527-8148-a9124d7d3f82', 'any', 'long-term,casual', 'adventurous,homebody', 'french,german', '27', '45'),
('3865ff0f-612a-47a1-a2c2-79cbfa79acc1', '3d1b9fa1-b01f-47a4-9a61-211d0a71ff89', 'male', 'friendship,networking', 'active,non-smoker', 'english,french', '26', '73'),
('b7a91b59-f14e-40bc-b74d-bfbe6d83f778', '187a3fef-9c6a-4dd1-9548-bb5aced7e988', 'female', 'long-term', 'adventurous', 'french', '25', '97'),
('abcb82f4-6c08-4a78-9542-c7d08c544655', '3bbaaea7-c24c-4676-ba3e-bd7debbfd8e5', 'any', 'networking', 'non-smoker', 'estonian', '18', '68'),
('b9883c51-8500-4a15-802d-58933df0a289', '04dfb584-8766-4d4b-952c-abf06a7d5563', 'female', 'friendship', 'active', 'english', '25', '88'),
('7d0c5beb-874a-49a0-b8ae-1ba9fe792d96', '318dff5d-e56f-47a6-ba9d-fb17487b096d', 'any', 'dating,long-term', 'active,relaxed', 'spanish,french', '25', '85'),
('b9c538d7-fa00-457a-a85a-4cd5e73e2bff', '4a2cb1b3-f337-474a-848b-6aff011b9552', 'male', 'dating', 'relaxed', 'spanish', '28', '71'),
('1571fb9b-a8f9-412a-bce6-11712c3d3406', 'ea52f98f-467e-446d-8eaf-d5250bd41a28', 'female', 'networking', 'non-smoker', 'estonian', '26', '75'),
('dd64201d-bc50-491d-9557-1cafc5c415c0', '11d6d434-c993-451c-88f2-8632a8cdcb59', 'any', 'friendship,networking', 'active,non-smoker', 'english,french', '20', '63'),
('681775a5-9210-4fa5-a9e7-c0e54ec28f4d', '70e59364-5131-4243-9925-7ee88a864fde', 'male', 'friendship,dating', 'pet-friendly', 'english,spanish', '29', '62'),
('8946cf6d-9564-43c3-962b-cdb4f8887712', 'c86a838a-1389-4c1c-8501-0def8ce365b2', 'any', 'dating,long-term', 'active,relaxed', 'spanish,french', '20', '78'),
('4f238d93-a37d-42c5-8e48-a1d9816bd6a6', 'c4704732-9558-479a-8bee-8d95d21f1dec', 'male', 'dating', 'relaxed', 'spanish', '20', '57'),
('98c29c58-6862-4542-812c-d1b1634ce991', 'da102359-ab86-4380-975d-709b2e1ddde8', 'female', 'long-term', 'adventurous', 'french', '25', '72'),
('684b97eb-7ac1-43bb-9786-d0a3a54bb15a', 'ac442b90-202c-4b0b-bac9-1b9c87e8a92d', 'any', 'casual,networking', 'non-smoker,pet-friendly', 'german,estonian', '21', '56'),
('b478587c-ae1e-4662-b59b-5eb10e227a9a', '8a9409b9-ebed-4afb-8da4-faf47c14ceee', 'male', 'friendship', 'active', 'english', '23', '31'),
('a7f21b6b-0034-4ab5-aa79-676c5a8f84b3', '1393eb56-8046-45b1-b9ce-86205e06f88f', 'female', 'long-term,casual', 'adventurous,homebody', 'french,german', '24', '64'),
('83994caa-4d2e-4502-aa87-49a7b1122b51', '9b7eedf7-6e85-4e06-b69c-ce708d977f41', 'any', 'casual', 'homebody', 'german', '27', '53'),
('8aa8afd1-4c0f-4241-bb96-89d9f259b2b8', '701b33a1-384b-42ad-8baa-9a184fa923d0', 'male', 'casual', 'homebody', 'german', '26', '92'),
('8314e730-ec62-4690-9cba-d7f08f7daa2e', 'ae902b47-7220-491b-8edd-61bc1f1079be', 'female', 'dating', 'relaxed', 'spanish', '26', '59'),
('8736dadf-4eb4-446f-bcd9-91e095a22846', '31957eb8-9da1-49e6-9b81-9c0ff4019aeb', 'male', 'friendship,dating', 'pet-friendly', 'english,spanish', '25', '73'),
('6678ebb8-df33-4d71-b1f9-124f0d811a7d', 'b0e5b7ed-36fb-4131-9b48-c503cf9a9442', 'female', 'networking', 'non-smoker', 'estonian', '21', '53'),
('2258e6ac-ea08-470e-aee4-c593442e24c4', '7637bd48-a8d7-4645-8360-31a9a5b7b467', 'any', 'long-term,casual', 'adventurous,homebody', 'french,german', '21', '88'),
('9e34afd0-9813-4f7e-8c87-cbab212493e2', 'd8d49a35-d71b-4002-87ed-b83d1818ac25', 'any', 'friendship,networking', 'active,non-smoker', 'english,french', '19', '87'),
('fb8c45b1-59f5-4019-9ded-2a778ab8e95e', 'c81338cf-59c0-43b3-bb2b-6ab567c5b66c', 'male', 'casual,networking', 'non-smoker,pet-friendly', 'german,estonian', '29', '65'),
('b1d030ad-0e50-41c9-9b10-ae46e50c05a9', '108dbac0-b941-4f3a-a453-7197fd1d7118', 'female', 'dating,long-term', 'active,relaxed', 'spanish,french', '24', '87'),
('f6170575-f02f-439a-986f-fa8a8b7f93bd', '959895ab-5188-4119-8ee7-8f5338860e8d', 'male', 'long-term', 'adventurous', 'french', '28', '78'),
('895ac9bf-a843-46c2-abbb-50548c441ef6', '8361a2bd-dd64-4c81-af44-aee57fd915c4', 'female', 'friendship', 'active', 'english', '20', '79'),
('faefb2ef-158e-462f-b6af-0f48c9bd14df', '910e52c6-92a2-418a-b31b-6deac247a41b', 'any', 'friendship,dating', 'pet-friendly', 'english,spanish', '29', '94'),
('bf77f079-7c59-4c78-9648-b9670142b26d', '98a7a3cd-68eb-4184-aee1-7f455efb46f4', 'male', 'long-term,casual', 'adventurous,homebody', 'french,german', '21', '60'),
('ab3dbc87-6b31-4807-bcec-0f954ebd6333', 'f2a18bd9-52af-4c1d-b16a-83ca88f7001c', 'female', 'casual', 'homebody', 'german', '28', '83'),
('9ea6b1b5-bbfc-49b2-b069-4508761fb779', 'b62e8e72-eb5f-46ba-ba6f-731b572f2f05', 'any', 'friendship,networking', 'active,non-smoker', 'english,french', '23', '52'),
('ef3264c4-45f0-450e-848b-7735e5afa793', 'e19e7094-b371-46b4-ac19-6c2e25dec043', 'any', 'long-term', 'adventurous', 'french', '18', '80'),
('70a9cd74-d2ae-4c30-b7b4-cb7a479cb12e', '0411f5cd-f915-4357-863e-a151ef97c5e3', 'male', 'casual,networking', 'non-smoker,pet-friendly', 'german,estonian', '18', '67'),
('7471ee3e-f7c4-4821-86a5-0f5e1a106384', '939fab69-1b4b-4d03-b813-597d0324586d', 'female', 'networking', 'non-smoker', 'estonian', '18', '81'),
('30a33e27-a4f1-469c-ba04-4f6d30d524c9', '0340e4b6-04d8-4bfe-af07-aa0d3601c81c', 'male', 'dating,long-term', 'active,relaxed', 'spanish,french', '28', '87'),
('644a20cd-9c36-4647-a4f3-9d00a30b756b', '42242e37-f3e9-4e63-80ea-bbbe9b791415', 'female', 'friendship', 'active', 'english', '26', '86'),
('3a9d8efa-091d-4d2d-982e-534dcfa3af8d', '5ab6589a-862f-48cf-ab92-bb8ff8c1fd50', 'any', 'dating', 'relaxed', 'spanish', '23', '92'),
('4762a6ec-2f4d-4341-b6c6-90ee9f29f403', '7044b005-1d5c-4cb6-b2a3-2ed553cc5c5b', 'any', 'long-term,casual', 'adventurous,homebody', 'french,german', '20', '46'),
('52484ae7-49f4-4c52-afe3-2fffb5dd90a4', '1ec54f1c-07c0-45a2-aed7-197acc0cd383', 'male', 'friendship,networking', 'active,non-smoker', 'english,french', '27', '83'),
('b2199494-fb0f-4eb3-8984-c8140af28505', 'b4e4e002-0a4b-4d51-8368-cd415d4c2102', 'female', 'long-term', 'adventurous', 'french', '21', '77'),
('bc2c5ce8-2879-4d55-9b3a-25d47d9d3f85', '741044d1-6340-4a81-8075-cf28557200c1', 'male', 'networking', 'non-smoker', 'estonian', '18', '64'),
('a2489961-95da-412d-9900-f25389c9abc6', 'f7ad12ee-5e38-41c3-9b5a-edc8eec8af87', 'female', 'friendship', 'active', 'english', '29', '71'),
('562a5409-8822-43d3-885a-19f2b355cbb2', 'c9145413-755d-4360-a659-a5e2174511bf', 'any', 'dating,long-term', 'active,relaxed', 'spanish,french', '29', '64'),
('29f8d7dc-b17b-4e63-9ef8-ee778eb1d05d', '96c8afa1-d811-48e7-bc6d-084ecf57fd2b', 'male', 'dating', 'relaxed', 'spanish', '21', '33'),
('6b1fc8a3-bc89-41ba-80fc-cad5fe148ca1', 'bca51c50-b98b-4ca7-997f-ea8efb771325', 'female', 'friendship,dating', 'pet-friendly', 'english,spanish', '23', '73'),
('9031bf14-b1f5-4dee-be11-38339fad28ae', '246f03be-e582-4232-b39a-236e6c837df5', 'any', 'casual', 'homebody', 'german', '21', '66'),
('d7fcca30-104f-4b38-a5d4-93ac68e571f0', '7dedb21a-5f79-45a8-acdd-c658e4d4c570', 'female', 'casual,networking', 'non-smoker,pet-friendly', 'german,estonian', '29', '31'),
('069b9a62-8a15-4852-9ff1-8823ac6c699f', '3b7346dd-ddc5-418d-8d59-b69724b9ed75', 'any', 'friendship,dating', 'pet-friendly', 'english,spanish', '23', '66'),
('013b7d2f-0380-486c-a727-edc0e3e4c99e', '2cb2d3c6-060c-4d6c-9590-d4b3f8ee0862', 'male', 'casual', 'homebody', 'german', '25', '86'),
('15cc72b8-7ce2-47bc-8697-73b1bee468eb', 'd707174b-2ce4-4aa7-a3c7-7a8bfe32ba3b', 'female', 'long-term', 'adventurous', 'french', '22', '49'),
('36d636eb-420a-4cf7-a7ba-a4162932b7ba', 'c5354522-2260-4bd9-b5e6-476d7aacc022', 'any', 'networking', 'non-smoker', 'estonian', '29', '32'),
('1ab176fd-d208-4487-bee6-e85d1c6f219f', 'c1a56ccf-3bbf-4e97-ad55-f61d5a98a850', 'male', 'long-term,casual', 'adventurous,homebody', 'french,german', '21', '74'),
('293dc20d-c217-431f-b0df-7ee0c698275b', '925b879a-3017-4798-99ca-d8c154f0dd65', 'male', 'dating,long-term', 'active,relaxed', 'spanish,french', '25', '37'),
('3266e8db-dde6-47f7-8b42-70eb86b74450', '430d164f-7ac4-4a4d-a39c-b863951f4e1b', 'female', 'dating', 'relaxed', 'spanish', '25', '45'),
('0b5b6d3e-de41-45e0-b389-6df7c66602e3', '3ad3d033-0bd4-4c1a-82fd-cd43a1a6f4fb', 'any', 'casual,networking', 'non-smoker,pet-friendly', 'german,estonian', '20', '47'),
('b6a26da1-0723-4ac1-8aac-27a08c9efe27', 'f4d25738-0540-4144-afea-642ad823c9d3', 'any', 'friendship', 'active', 'english', '27', '79'),
('67d8d1e2-c3d7-412f-9ad8-90be8885d805', '8e18e9f2-033e-418a-b3ac-76fb8fe71e81', 'male', 'friendship,networking', 'active,non-smoker', 'english,french', '22', '96'),
('c312fa04-a372-4791-b401-2232313a0c42', 'b666b98d-edcd-4f69-9a16-caa6593fc911', 'female', 'long-term', 'adventurous', 'french', '25', '93'),
('6e29ada8-5ce0-42c4-a31b-7c6a6b7e4b83', '5133d2d5-2b1d-49a4-a861-dffd4c19ccbd', 'male', 'networking', 'non-smoker', 'estonian', '28', '40'),
('d767a5a0-c3cc-42b7-9481-b4cfd9818ccc', 'cc83af09-77c3-4886-8cd0-85106cc60e31', 'female', 'casual', 'homebody', 'german', '19', '41'),
('5b244853-c647-45e4-9bd6-14614b2e3b21', '20f97fea-fdf2-455a-9304-0a8972645812', 'any', 'casual,networking', 'non-smoker,pet-friendly', 'german,estonian', '21', '47'),
('91356f3d-9aa9-4d78-8ce5-d57c0397df75', 'fb4e85a7-56f8-4cff-81c6-40b1bf9903ed', 'male', 'dating,long-term', 'active,relaxed', 'spanish,french', '24', '66'),
('ab22cf8b-f061-481c-bd2b-99e25550a81c', 'c1f619a3-29e1-40d3-9775-4a4856b0b7c4', 'female', 'friendship,dating', 'pet-friendly', 'english,spanish', '20', '42'),
('7553a2c3-3caf-4cb1-b696-a70536c6eac7', 'd778d648-0210-40d3-8a2d-65dd5e3e93f6', 'any', 'friendship', 'active', 'english', '22', '68'),
('6de8ec98-29c0-4b24-9400-16a0f50b0c07', '07855edb-c80a-461f-9e9d-ac29ccfdfe55', 'male', 'long-term,casual', 'adventurous,homebody', 'french,german', '20', '53'),
('842f8f56-7ce9-4989-a861-13bbcfba0d62', '84c2ba7a-2e09-4335-8ff8-bb520cc3260c', 'female', 'friendship,networking', 'active,non-smoker', 'english,french', '18', '38'),
('9782f7bc-83cb-47d1-82bf-f992fbb9119c', '6da04fa2-47a9-4b0f-bf31-7f4fb56ec549', 'any', 'dating', 'relaxed', 'spanish', '27', '35'),
('d7e35cca-f7e0-457b-82cf-5aa3d046851a', 'e6a9632e-c58f-4ff2-a658-92171d19b5a4', 'female', 'friendship,networking', 'active,non-smoker', 'english,french', '24', '57'),
('5c5fc641-a2cc-4b1e-9187-1af4c5cf9dc5', '30d4c6b0-38a1-45fe-9dd7-97959f4ab0b5', 'any', 'casual,networking', 'non-smoker,pet-friendly', 'german,estonian', '26', '66'),
('b1747e06-4e61-49b8-80bb-f3a8158b38c6', '541ba33a-f0fb-43ae-a75d-ce4c9f29ffe6', 'male', 'friendship', 'active', 'english', '22', '38'),
('6f5a90ce-d165-4ed8-928f-d1d645e314d4', 'baadea1f-c9cd-4089-b273-ee747ec16465', 'female', 'dating,long-term', 'active,relaxed', 'spanish,french', '21', '73'),
('d7618d6f-6679-4145-bbff-f7e21e1f02cc', 'b7df115e-b23c-41b9-8883-fa989b2bcca3', 'any', 'casual', 'homebody', 'german', '18', '42'),
('c2ad0708-c728-4265-83eb-1c403403a735', '9d7889ef-daa4-4ca7-9681-d08b0f489b9e', 'male', 'long-term', 'adventurous', 'french', '29', '38'),
('f7cd4380-490f-4b77-af6f-6fd4a10e7335', 'b16f81d7-eb0b-41cd-a0c2-cdd4d40ecfa1', 'any', 'friendship,dating', 'pet-friendly', 'english,spanish', '26', '43'),
('07178f6c-0be8-45cc-b2a0-6b50f44858ba', '5d73238f-ae26-4ebd-899e-7d6000125dd9', 'male', 'long-term,casual', 'adventurous,homebody', 'french,german', '26', '95'),
('4c5e508e-a85c-4004-940f-3290d2b53bee', 'a1b841f4-b373-4d17-b314-e50e6c10dc3d', 'female', 'dating', 'relaxed', 'spanish', '21', '30'),
('13ae5958-a259-4f29-921c-a459f15e408e', 'efde1921-9378-45d1-a103-1827c263322e', 'male', 'networking', 'non-smoker', 'estonian', '23', '42');
