INSERT INTO "users" ("id", "email", "password_hash", "created_at", "last_active_at", "last_login_at") VALUES
('108dbac0-b941-4f3a-a453-7197fd1d7118', 'kermy.polamontayne@gmail.com', '$2a$10$7MmiipJ86AvacRuFucL6NOOiF.MDxijpS.fctXZmN06qrW8QGxGLK', '2024-03-13 08:47:49', '2024-09-27 20:37:45', '2024-10-16 00:05:22'),
('e19e7094-b371-46b4-ac19-6c2e25dec043', 'natty.bartolomeoni@hotmail.com', '$2a$10$7MmiipJ86AvacRuFucL6NOOiF.MDxijpS.fctXZmN06qrW8QGxGLK', '2024-03-13 08:57:21', '2024-08-29 13:35:55', '2024-05-19 21:15:24'),
('5d73238f-ae26-4ebd-899e-7d6000125dd9', 'merill.doonican@gmail.com', '$2a$10$7MmiipJ86AvacRuFucL6NOOiF.MDxijpS.fctXZmN06qrW8QGxGLK', '2024-03-13 08:58:47', '2025-02-18 22:21:41', '2025-01-11 15:37:50'),
('cc83af09-77c3-4886-8cd0-85106cc60e31', 'jaime.vaar@hotmail.com', '$2a$10$7MmiipJ86AvacRuFucL6NOOiF.MDxijpS.fctXZmN06qrW8QGxGLK', '2024-03-13 09:04:27', '2024-06-01 14:11:26', '2024-09-02 15:13:10'),
('0340e4b6-04d8-4bfe-af07-aa0d3601c81c', 'stella.muscroft@hotmail.com', '$2a$10$7MmiipJ86AvacRuFucL6NOOiF.MDxijpS.fctXZmN06qrW8QGxGLK', '2024-03-13 09:07:16', '2024-09-01 14:01:27', '2024-05-29 05:41:42'),
('9b7eedf7-6e85-4e06-b69c-ce708d977f41', 'gard.yarnall@live.com', '$2a$10$7MmiipJ86AvacRuFucL6NOOiF.MDxijpS.fctXZmN06qrW8QGxGLK', '2024-03-13 09:10:12', '2024-06-04 12:31:22', '2024-12-01 14:26:43'),
('2cb2d3c6-060c-4d6c-9590-d4b3f8ee0862', 'alameda.hinchcliffe@yahoo.com', '$2a$10$7MmiipJ86AvacRuFucL6NOOiF.MDxijpS.fctXZmN06qrW8QGxGLK', '2024-03-13 09:15:14', '2024-04-30 02:10:57', '2024-07-28 06:23:21'),
('1393eb56-8046-45b1-b9ce-86205e06f88f', 'peter.braban@yahoo.com', '$2a$10$7MmiipJ86AvacRuFucL6NOOiF.MDxijpS.fctXZmN06qrW8QGxGLK', '2024-03-13 09:22:08', '2024-08-26 03:40:15', '2024-05-22 02:29:31'),
('48929679-5e18-4d3b-8852-d7e0efc97a00', 'jeanine.hallgarth@gmail.com', '$2a$10$7MmiipJ86AvacRuFucL6NOOiF.MDxijpS.fctXZmN06qrW8QGxGLK', '2024-03-13 09:29:18', '2025-03-13 01:53:23', '2024-11-08 23:07:09'),
('d8d49a35-d71b-4002-87ed-b83d1818ac25', 'enoch.rihosek@terra.com.br', '$2a$10$7MmiipJ86AvacRuFucL6NOOiF.MDxijpS.fctXZmN06qrW8QGxGLK', '2024-03-13 09:37:48', '2024-09-02 04:45:47', '2024-10-20 01:03:44');

INSERT INTO "profiles" ("id", "user_id", "first_name", "last_name", "gender", "age", "about_me", "interests", "profile_picture_url", "latitude", "longitude", "radius") VALUES
('b65f5b79-3377-4c13-9450-b0dea85226c8', '5d73238f-ae26-4ebd-899e-7d6000125dd9', 'Arman', 'Mullineux', 'male', '35', 'Fitness fanatic passionate about running, yoga, and healthy eating habits.', '{"Food": ["Healthy", "Spicy"], "Movies": ["Thriller", "Action"], "Hobbies": ["Sports"], "Sports": ["Running", "Yoga"], "Activities": ["Meditation & Wellness", "Personal"]}', NULL, '59.436962', '24.753574', '50'),
('f9dceabb-fe21-4f40-92b2-9350bd72b037', '0340e4b6-04d8-4bfe-af07-aa0d3601c81c', 'Pepito', 'Spier', 'female', '22', 'Adventurer and foodie, always exploring new cuisines and hiking trails.', '{"Food": ["Street Food", "Asian"], "Movies": ["Adventure", "Comedy"], "Hobbies": ["Traveling", "Photography"], "Sports": ["Hiking", "Surfing"], "Activities": ["Outdoor Exploration", "Traveling"]}', NULL, '58.377625', '26.729006', '50'),
('a59d988e-a79e-414b-9653-51523e418d9c', '108dbac0-b941-4f3a-a453-7197fd1d7118', 'Anya', 'Crimmins', 'male', '31', 'Creative soul fascinated by art, fashion, and tech innovations.', '{"Food": ["International", "Seafood"], "Movies": ["Animation", "Mystery & Crime"], "Hobbies": ["Art", "Fashion & Design"], "Sports": ["Dancing", "Rock Climbing"], "Activities": ["Entrepreneurship", "Socializing "]}', NULL, '59.417431', '27.28335', '50'),
('eb9dbe97-cc1d-421b-85f6-b4afdd150026', '2cb2d3c6-060c-4d6c-9590-d4b3f8ee0862', 'Hannie', 'Copping', 'female', '44', 'Nature lover who enjoys skiing, cooking, and documentary films.', '{"Food": ["Seafood"], "Movies": ["Documentaries"], "Hobbies": ["Cooking"], "Sports": ["Skiing/Snowboarding"], "Activities": ["Outdoor Exploration"]}', NULL, '58.259627', '24.508445', '50'),
('30c3ae7b-9237-4888-aa06-ae741513a342', 'e19e7094-b371-46b4-ac19-6c2e25dec043', 'Filberto', 'Sullivan', 'female', '24', 'Documentary buff with a love for gardening and sustainable living.', '{"Food": ["Asian", "Vegan/Vegetarian"], "Movies": ["Documentaries"], "Hobbies": ["Gardening & Sustainability"], "Sports": ["Swimming"], "Activities": ["History & Culture"]}', NULL, '58.883897', '25.540922', '50'),
('959deaf7-e637-4038-a7bd-3565738f7b7d', '9b7eedf7-6e85-4e06-b69c-ce708d977f41', 'Denis', 'McFfaden', 'male', '48', 'Outgoing socializer who enjoys street food, dancing, and tech innovation.', '{"Food": ["Street Food"], "Movies": ["Comedy"], "Hobbies": ["Dancing"], "Sports": ["Team Sports (Football, Basketball)"], "Activities": ["Socializing ", "Technology & Innovation"]}', NULL, '59.417431', '27.28335', '50'),
('c3710207-cfd4-48f0-a4e5-731c96ac1b73', 'cc83af09-77c3-4886-8cd0-85106cc60e31', 'Aurelea', 'Desporte', 'male', '35', 'Bookworm and music lover who enjoys cycling and volunteering.', '{"Food": ["Vegan/Vegetarian", "Desserts"], "Movies": ["Drama", "Romance"], "Hobbies": ["Reading", "Music"], "Sports": ["Cycling", "Yoga"], "Activities": ["Volunteering", "History & Culture"]}', NULL, '58.259627', '24.508445', '50'),
('7261f6da-9674-4b85-af23-9328d1b407a5', '48929679-5e18-4d3b-8852-d7e0efc97a00', 'Eliot', 'Maiklem', 'female', '32', 'Romantic heart with a passion for art, music, and exploring new cultures.', '{"Food": ["Italian"], "Movies": ["Romance", "Drama"], "Hobbies": ["Art", "Music"], "Sports": ["Swimming"], "Activities": ["History & Culture", "Traveling"]}', NULL, '58.883897', '25.540922', '50'),
('6267b6d4-eb47-4127-98d0-25e584103250', '1393eb56-8046-45b1-b9ce-86205e06f88f', 'Tonye', 'Shellcross', 'female', '38', 'Tech enthusiast who loves cooking and playing team sports in free time.', '{"Food": ["Italian", "Healthy"], "Movies": ["Sci-Fi & Fantasy", "Documentaries"], "Hobbies": ["Tech & Gadgets", "Cooking"], "Sports": ["Team Sports (Football, Basketball)", "Running"], "Activities": ["Technology & Innovation", "Meditation & Wellness"]}', NULL, '59.436962', '24.753574', '50'),
('0186ecd0-9e73-4632-bf82-ce6c00bb3e17', 'd8d49a35-d71b-4002-87ed-b83d1818ac25', 'Nathanial', 'Longbothom', 'male', '39', 'Mystery and crime movie lover who enjoys gaming and tech gadgets.', '{"Food": ["American"], "Movies": ["Mystery & Crime"], "Hobbies": ["Gaming", "Tech & Gadgets"], "Sports": ["Cycling"], "Activities": ["Personal"]}', NULL, '58.377625', '26.729006', '50');

INSERT INTO "user_preferences" ("id", "user_id", "gender_preference", "relationship_types", "lifestyle_preferences", "preferred_languages", "min_age", "max_age") VALUES
('b2a5f7ab-c303-4c41-bb61-c84902df52e1', 'cc83af09-77c3-4886-8cd0-85106cc60e31', 'female', 'friendship,networking', 'active,non-smoker', 'english,french', '24', '72'),
('672e3b99-8fb5-4cb8-89e3-8404945015a9', 'e19e7094-b371-46b4-ac19-6c2e25dec043', 'any', 'long-term', 'adventurous', 'french', '27', '93'),
('4b3681a8-8d93-4943-aa8c-ad1ceab4ec7e', '48929679-5e18-4d3b-8852-d7e0efc97a00', 'male', 'networking', 'non-smoker', 'estonian', '27', '37'),
('1d228907-7db1-49a2-8cd2-a7f452964c4e', '1393eb56-8046-45b1-b9ce-86205e06f88f', 'female', 'friendship', 'active', 'english', '28', '77'),
('090234ff-45d1-474b-b949-e569b2222133', '108dbac0-b941-4f3a-a453-7197fd1d7118', 'any', 'dating,long-term', 'active,relaxed', 'spanish,french', '28', '94'),
('e47a7b17-e096-4735-8866-9aa789b8e416', 'd8d49a35-d71b-4002-87ed-b83d1818ac25', 'male', 'dating', 'relaxed', 'spanish', '22', '31'),
('cac8f12b-d636-4ce6-a9bc-80696496fa77', '5d73238f-ae26-4ebd-899e-7d6000125dd9', 'female', 'friendship,dating', 'pet-friendly', 'english,spanish', '26', '40'),
('a268958a-dc71-47fd-a919-3b2e515fe432', '9b7eedf7-6e85-4e06-b69c-ce708d977f41', 'any', 'casual', 'homebody', 'german', '19', '38'),
('bec43314-dc46-4513-8426-29b2712ace1b', '0340e4b6-04d8-4bfe-af07-aa0d3601c81c', 'male', 'casual,networking', 'non-smoker,pet-friendly', 'german,estonian', '20', '45'),
('ffda17fe-288e-4fa2-88b7-fb26f74b026d', '2cb2d3c6-060c-4d6c-9590-d4b3f8ee0862', 'female', 'long-term,casual', 'adventurous,homebody', 'french,german', '29', '80');

